timestamp [ns],gaze x [px],gaze y [px]
1754818086390179072,638.0,359.0
1754818086406845696,640.0,359.0
1754818086423512320,642.0,358.0
1754818086440179200,641.0,361.0
1754818086456845824,637.0,362.0
1754818086473512448,641.0,360.0
1754818086490179072,642.0,358.0
1754818086506845696,639.0,360.0
1754818086523512320,641.0,362.0
1754818086540178944,638.0,360.0
1754818086556845824,642.0,357.0
1754818086573512448,642.0,359.0
1754818086590179072,640.0,358.0
1754818086606845696,637.0,357.0
1754818086623512320,639.0,361.0
1754818086640179200,638.0,358.0
1754818086656845824,639.0,360.0
1754818086673512448,639.0,359.0
1754818086690179072,638.0,361.0
1754818086706845696,642.0,357.0
1754818086723512320,642.0,357.0
1754818086740178944,642.0,360.0
1754818086756845824,640.0,361.0
1754818086773512448,642.0,358.0
1754818086790179072,637.0,358.0
1754818086806845696,639.0,362.0
1754818086823512320,638.0,357.0
1754818086840179200,637.0,358.0
1754818086856845824,641.0,360.0
1754818086873512448,640.0,361.0
1754818086890179072,641.0,360.0
1754818086906845696,638.0,360.0
1754818086923512320,639.0,357.0
1754818086940178944,641.0,360.0
1754818086956845824,639.0,358.0
1754818086973512448,642.0,359.0
1754818086990179072,641.0,360.0
1754818087006845696,640.0,361.0
1754818087023512320,640.0,360.0
1754818087040179200,640.0,358.0
1754818087056845824,638.0,362.0
1754818087073512448,639.0,360.0
1754818087090179072,639.0,358.0
1754818087106845696,642.0,360.0
1754818087123512320,637.0,360.0
1754818087140178944,637.0,359.0
1754818087156845824,637.0,357.0
1754818087173512448,639.0,357.0
1754818087190179072,641.0,362.0
1754818087206845696,639.0,361.0
1754818087223512320,641.0,361.0
1754818087240179200,641.0,357.0
1754818087256845824,642.0,360.0
1754818087273512448,638.0,358.0
1754818087290179072,640.0,361.0
1754818087306845696,638.0,362.0
1754818087323512320,637.0,357.0
1754818087340178944,637.0,360.0
1754818087356845824,639.0,362.0
1754818087373512448,637.0,362.0
1754818087390179072,637.0,359.0
1754818087406845696,641.0,361.0
1754818087423512320,639.0,361.0
1754818087440179200,638.0,358.0
1754818087456845824,639.0,358.0
1754818087473512448,640.0,359.0
1754818087490179072,640.0,362.0
1754818087506845696,641.0,362.0
1754818087523512320,640.0,360.0
1754818087540178944,641.0,357.0
1754818087556845824,642.0,359.0
1754818087573512448,638.0,358.0
1754818087590179072,637.0,358.0
1754818087606845696,640.0,361.0
1754818087623512320,638.0,362.0
1754818087640179200,641.0,360.0
1754818087656845824,637.0,361.0
1754818087673512448,637.0,362.0
1754818087690179072,642.0,362.0
1754818087706845696,642.0,360.0
1754818087723512320,637.0,357.0
1754818087740178944,641.0,361.0
1754818087756845824,641.0,360.0
1754818087773512448,641.0,357.0
1754818087790179072,641.0,359.0
1754818087806845696,642.0,358.0
1754818087823512320,637.0,360.0
1754818087840179200,638.0,360.0
1754818087856845824,638.0,357.0
1754818087873512448,637.0,357.0
1754818087890179072,637.0,359.0
1754818087906845696,639.0,362.0
1754818087923512320,638.0,361.0
1754818087940178944,637.0,358.0
1754818087956845824,640.0,359.0
1754818087973512448,640.0,362.0
1754818087990179072,642.0,361.0
1754818088006845696,642.0,360.0
1754818088023512320,683.0,339.0
1754818088040179200,840.0,267.0
1754818088056845824,740.0,313.0
1754818088073512448,882.0,247.0
1754818088090179072,902.0,238.0
1754818088106845696,943.0,219.0
1754818088123512320,931.0,225.0
1754818088140178944,,
1754818088156845824,,
1754818088173512448,,
1754818088190179072,,
1754818088206845696,,
1754818088223512320,,
1754818088240179200,,
1754818088256845824,,
1754818088273512448,,
1754818088290179072,,
1754818088306845696,,
1754818088323512320,992.0,200.0
1754818088340178944,991.0,197.0
1754818088356845824,990.0,196.0
1754818088373512448,987.0,196.0
1754818088390179072,990.0,200.0
1754818088406845696,989.0,197.0
1754818088423512320,987.0,200.0
1754818088440179200,991.0,197.0
1754818088456845824,991.0,196.0
1754818088473512448,991.0,196.0
1754818088490179072,988.0,200.0
1754818088506845696,990.0,195.0
1754818088523512320,990.0,200.0
1754818088540178944,992.0,199.0
1754818088556845824,988.0,196.0
1754818088573512448,987.0,199.0
1754818088590179072,987.0,197.0
1754818088606845696,992.0,199.0
1754818088623512320,992.0,196.0
1754818088640179200,989.0,196.0
1754818088656845824,992.0,195.0
1754818088673512448,992.0,195.0
1754818088690179072,990.0,199.0
1754818088706845696,987.0,196.0
1754818088723512320,991.0,195.0
1754818088740178944,991.0,197.0
1754818088756845824,988.0,197.0
1754818088773512448,991.0,197.0
1754818088790179072,991.0,195.0
1754818088806845696,992.0,197.0
1754818088823512320,992.0,197.0
1754818088840179200,989.0,199.0
1754818088856845824,989.0,198.0
1754818088873512448,990.0,199.0
1754818088890179072,989.0,197.0
1754818088906845696,991.0,195.0
1754818088923512320,989.0,200.0
1754818088940178944,988.0,199.0
1754818088956845824,988.0,196.0
1754818088973512448,988.0,197.0
1754818088990179072,992.0,195.0
1754818089006845696,992.0,197.0
1754818089023512320,992.0,195.0
1754818089040179200,990.0,198.0
1754818089056845824,990.0,200.0
1754818089073512448,988.0,197.0
1754818089090179072,989.0,197.0
1754818089106845696,988.0,197.0
1754818089123512320,992.0,198.0
1754818089140178944,989.0,195.0
1754818089156845824,990.0,198.0
1754818089173512448,988.0,196.0
1754818089190179072,992.0,198.0
1754818089206845696,987.0,200.0
1754818089223512320,990.0,199.0
1754818089240179200,988.0,200.0
1754818089256845824,988.0,199.0
1754818089273512448,992.0,198.0
1754818089290179072,1114.0,128.0
1754818089306845696,892.0,252.0
1754818089323512320,933.0,229.0
1754818089340178944,795.0,307.0
1754818089356845824,866.0,267.0
1754818089373512448,990.0,198.0
1754818089390179072,742.0,337.0
1754818089406845696,600.0,416.0
1754818089423512320,876.0,261.0
1754818089440179200,611.0,410.0
1754818089456845824,444.0,504.0
1754818089473512448,535.0,453.0
1754818089490179072,421.0,517.0
1754818089506845696,310.0,582.0
1754818089523512320,309.0,578.0
1754818089540178944,309.0,581.0
1754818089556845824,305.0,581.0
1754818089573512448,308.0,582.0
1754818089590179072,309.0,581.0
1754818089606845696,306.0,581.0
1754818089623512320,306.0,579.0
1754818089640179200,305.0,582.0
1754818089656845824,308.0,578.0
1754818089673512448,309.0,583.0
1754818089690179072,306.0,580.0
1754818089706845696,310.0,583.0
1754818089723512320,308.0,578.0
1754818089740178944,307.0,578.0
1754818089756845824,306.0,578.0
1754818089773512448,308.0,579.0
1754818089790179072,306.0,581.0
1754818089806845696,305.0,578.0
1754818089823512320,310.0,583.0
1754818089840179200,309.0,578.0
1754818089856845824,308.0,581.0
1754818089873512448,309.0,581.0
1754818089890179072,309.0,579.0
1754818089906845696,308.0,581.0
1754818089923512320,308.0,578.0
1754818089940178944,305.0,583.0
1754818089956845824,309.0,581.0
1754818089973512448,306.0,578.0
1754818089990179072,308.0,578.0
1754818090006845696,305.0,580.0
1754818090023512320,307.0,578.0
1754818090040179200,305.0,579.0
1754818090056845824,308.0,581.0
1754818090073512448,307.0,578.0
1754818090090179072,309.0,581.0
1754818090106845696,305.0,581.0
1754818090123512320,308.0,582.0
1754818090140178944,306.0,583.0
1754818090156845824,310.0,582.0
1754818090173512448,305.0,578.0
1754818090190179072,305.0,583.0
1754818090206845696,309.0,579.0
1754818090223512320,309.0,579.0
1754818090240179200,307.0,583.0
1754818090256845824,308.0,578.0
1754818090273512448,306.0,582.0
1754818090290179072,310.0,583.0
1754818090306845696,310.0,583.0
1754818090323512320,308.0,583.0
1754818090340178944,309.0,581.0
1754818090356845824,308.0,578.0
1754818090373512448,306.0,582.0
1754818090390179072,306.0,578.0
1754818090406845696,309.0,578.0
1754818090423512320,305.0,582.0
1754818090440179200,308.0,583.0
1754818090456845824,305.0,581.0
1754818090473512448,310.0,579.0
1754818090490179072,305.0,582.0
1754818090506845696,306.0,582.0
1754818090523512320,306.0,582.0
1754818090540178944,305.0,582.0
1754818090556845824,310.0,582.0
1754818090573512448,307.0,578.0
1754818090590179072,305.0,582.0
1754818090606845696,308.0,582.0
1754818090623512320,310.0,579.0
1754818090640179200,309.0,578.0
1754818090656845824,310.0,582.0
1754818090673512448,310.0,581.0
1754818090690179072,306.0,582.0
1754818090706845696,305.0,583.0
1754818090723512320,308.0,579.0
1754818090740178944,309.0,579.0
1754818090756845824,307.0,582.0
1754818090773512448,310.0,578.0
1754818090790179072,307.0,580.0
1754818090806845696,309.0,580.0
1754818090823512320,305.0,581.0
1754818090840179200,310.0,579.0
1754818090856845824,310.0,578.0
1754818090873512448,309.0,580.0
1754818090890179072,305.0,579.0
1754818090906845696,305.0,580.0
1754818090923512320,308.0,578.0
1754818090940178944,308.0,582.0
1754818090956845824,308.0,582.0
1754818090973512448,310.0,581.0
1754818090990179072,309.0,583.0
1754818091006845696,308.0,582.0
1754818091023512320,310.0,579.0
1754818091040179200,307.0,582.0
1754818091056845824,308.0,578.0
1754818091073512448,310.0,578.0
1754818091090179072,308.0,579.0
1754818091106845696,310.0,583.0
1754818091123512320,305.0,578.0
1754818091140178944,308.0,578.0
1754818091156845824,307.0,582.0
1754818091173512448,309.0,580.0
1754818091190179072,306.0,582.0
1754818091206845696,309.0,581.0
1754818091223512320,308.0,580.0
1754818091240179200,308.0,581.0
1754818091256845824,380.0,877.0
1754818091273512448,295.0,528.0
1754818091290179072,327.0,660.0
1754818091306845696,317.0,620.0
1754818091323512320,292.0,515.0
1754818091340178944,298.0,541.0
1754818091356845824,263.0,396.0
1754818091373512448,273.0,437.0
1754818091390179072,248.0,334.0
1754818091406845696,265.0,405.0
1754818091423512320,239.0,298.0
1754818091440179200,236.0,284.0
1754818091456845824,233.0,273.0
1754818091473512448,218.0,210.0
1754818091490179072,213.0,183.0
1754818091506845696,212.0,183.0
1754818091523512320,213.0,186.0
1754818091540178944,210.0,187.0
1754818091556845824,212.0,184.0
1754818091573512448,213.0,187.0
1754818091590179072,211.0,183.0
1754818091606845696,212.0,188.0
1754818091623512320,211.0,186.0
1754818091640179200,214.0,188.0
1754818091656845824,212.0,183.0
1754818091673512448,213.0,187.0
1754818091690179072,210.0,185.0
1754818091706845696,211.0,183.0
1754818091723512320,214.0,183.0
1754818091740178944,213.0,188.0
1754818091756845824,214.0,186.0
1754818091773512448,214.0,184.0
1754818091790179072,213.0,185.0
1754818091806845696,214.0,187.0
1754818091823512320,212.0,187.0
1754818091840179200,211.0,185.0
1754818091856845824,210.0,188.0
1754818091873512448,212.0,184.0
1754818091890179072,209.0,183.0
1754818091906845696,209.0,184.0
1754818091923512320,211.0,188.0
1754818091940178944,214.0,188.0
1754818091956845824,209.0,186.0
1754818091973512448,210.0,186.0
1754818091990179072,210.0,183.0
1754818092006845696,213.0,184.0
1754818092023512320,211.0,187.0
1754818092040179200,212.0,184.0
1754818092056845824,211.0,185.0
1754818092073512448,214.0,187.0
1754818092090179072,213.0,188.0
1754818092106845696,214.0,188.0
1754818092123512320,210.0,183.0
1754818092140178944,211.0,187.0
1754818092156845824,213.0,188.0
1754818092173512448,210.0,184.0
1754818092190179072,209.0,186.0
1754818092206845696,214.0,184.0
1754818092223512320,213.0,183.0
1754818092240179200,214.0,184.0
1754818092256845824,209.0,187.0
1754818092273512448,211.0,186.0
1754818092290179072,214.0,183.0
1754818092306845696,214.0,186.0
1754818092323512320,210.0,184.0
1754818092340178944,213.0,185.0
1754818092356845824,212.0,183.0
1754818092373512448,211.0,183.0
1754818092390179072,212.0,184.0
1754818092406845696,197.0,-360.0
1754818092423512320,209.0,106.0
1754818092440179200,210.0,146.0
1754818092456845824,199.0,-292.0
1754818092473512448,215.0,313.0
1754818092490179072,214.0,265.0
1754818092506845696,213.0,233.0
1754818092523512320,213.0,239.0
1754818092540178944,214.0,292.0
1754818092556845824,216.0,345.0
1754818092573512448,220.0,504.0
1754818092590179072,221.0,544.0
1754818092606845696,222.0,561.0
1754818092623512320,222.0,584.0
1754818092640179200,223.0,624.0
1754818092656845824,225.0,661.0
1754818092673512448,227.0,663.0
1754818092690179072,222.0,662.0
1754818092706845696,226.0,662.0
1754818092723512320,224.0,662.0
1754818092740178944,222.0,662.0
1754818092756845824,225.0,666.0
1754818092773512448,223.0,662.0
1754818092790179072,223.0,664.0
1754818092806845696,225.0,662.0
1754818092823512320,227.0,665.0
1754818092840179200,226.0,664.0
1754818092856845824,223.0,661.0
1754818092873512448,225.0,663.0
1754818092890179072,222.0,664.0
1754818092906845696,222.0,663.0
1754818092923512320,222.0,664.0
1754818092940178944,222.0,666.0
1754818092956845824,224.0,664.0
1754818092973512448,226.0,666.0
1754818092990179072,227.0,664.0
1754818093006845696,225.0,662.0
1754818093023512320,223.0,661.0
1754818093040179200,227.0,663.0
1754818093056845824,227.0,662.0
1754818093073512448,222.0,666.0
1754818093090179072,224.0,665.0
1754818093106845696,224.0,663.0
1754818093123512320,226.0,666.0
1754818093140178944,227.0,661.0
1754818093156845824,224.0,666.0
1754818093173512448,226.0,662.0
1754818093190179072,223.0,666.0
1754818093206845696,226.0,666.0
1754818093223512320,222.0,665.0
1754818093240179200,224.0,661.0
1754818093256845824,225.0,665.0
1754818093273512448,227.0,665.0
1754818093290179072,225.0,662.0
1754818093306845696,226.0,665.0
1754818093323512320,225.0,661.0
1754818093340178944,225.0,665.0
1754818093356845824,224.0,662.0
1754818093373512448,226.0,663.0
1754818093390179072,223.0,661.0
1754818093406845696,223.0,661.0
1754818093423512320,226.0,664.0
1754818093440179200,225.0,661.0
1754818093456845824,225.0,662.0
1754818093473512448,224.0,665.0
1754818093490179072,225.0,662.0
1754818093506845696,226.0,665.0
1754818093523512320,224.0,666.0
1754818093540178944,222.0,661.0
1754818093556845824,224.0,663.0
1754818093573512448,227.0,664.0
1754818093590179072,223.0,665.0
1754818093606845696,225.0,664.0
1754818093623512320,227.0,661.0
1754818093640179200,225.0,662.0
1754818093656845824,226.0,663.0
1754818093673512448,224.0,666.0
1754818093690179072,225.0,664.0
1754818093706845696,225.0,661.0
1754818093723512320,227.0,666.0
1754818093740178944,227.0,664.0
1754818093756845824,227.0,664.0
1754818093773512448,222.0,661.0
1754818093790179072,227.0,661.0
1754818093806845696,270.0,456.0
1754818093823512320,225.0,664.0
1754818093840179200,292.0,356.0
1754818093856845824,297.0,332.0
1754818093873512448,284.0,394.0
1754818093890179072,319.0,232.0
1754818093906845696,326.0,201.0
1754818093923512320,333.0,166.0
1754818093940178944,342.0,123.0
1754818093956845824,340.0,126.0
1754818093973512448,342.0,124.0
1754818093990179072,344.0,127.0
1754818094006845696,342.0,126.0
1754818094023512320,343.0,126.0
1754818094040179200,340.0,127.0
1754818094056845824,340.0,122.0
1754818094073512448,340.0,122.0
1754818094090179072,342.0,127.0
1754818094106845696,342.0,123.0
1754818094123512320,345.0,124.0
1754818094140178944,345.0,126.0
1754818094156845824,340.0,126.0
1754818094173512448,342.0,127.0
1754818094190179072,345.0,124.0
1754818094206845696,342.0,126.0
1754818094223512320,342.0,126.0
1754818094240179200,343.0,123.0
1754818094256845824,342.0,125.0
1754818094273512448,341.0,126.0
1754818094290179072,343.0,127.0
1754818094306845696,340.0,122.0
1754818094323512320,344.0,127.0
1754818094340178944,345.0,122.0
1754818094356845824,341.0,127.0
1754818094373512448,340.0,123.0
1754818094390179072,345.0,127.0
1754818094406845696,340.0,124.0
1754818094423512320,345.0,123.0
1754818094440179200,341.0,124.0
1754818094456845824,343.0,126.0
1754818094473512448,343.0,126.0
1754818094490179072,344.0,124.0
1754818094506845696,345.0,127.0
1754818094523512320,340.0,123.0
1754818094540178944,344.0,124.0
1754818094556845824,342.0,124.0
1754818094573512448,341.0,123.0
1754818094590179072,344.0,126.0
1754818094606845696,340.0,123.0
1754818094623512320,340.0,126.0
1754818094640179200,343.0,127.0
1754818094656845824,345.0,123.0
1754818094673512448,342.0,125.0
1754818094690179072,341.0,123.0
1754818094706845696,343.0,126.0
1754818094723512320,341.0,126.0
1754818094740178944,340.0,125.0
1754818094756845824,344.0,122.0
1754818094773512448,340.0,122.0
1754818094790179072,340.0,126.0
1754818094806845696,340.0,122.0
1754818094823512320,343.0,126.0
1754818094840179200,342.0,127.0
1754818094856845824,345.0,127.0
1754818094873512448,343.0,122.0
1754818094890179072,345.0,126.0
1754818094906845696,342.0,126.0
1754818094923512320,340.0,123.0
1754818094940178944,344.0,124.0
1754818094956845824,343.0,123.0
1754818094973512448,341.0,123.0
1754818094990179072,340.0,122.0
1754818095006845696,343.0,127.0
1754818095023512320,344.0,126.0
1754818095040179200,344.0,126.0
1754818095056845824,341.0,126.0
1754818095073512448,341.0,123.0
1754818095090179072,345.0,125.0
1754818095106845696,343.0,122.0
1754818095123512320,340.0,125.0
1754818095140178944,341.0,123.0
1754818095156845824,343.0,126.0
1754818095173512448,340.0,127.0
1754818095190179072,342.0,124.0
1754818095206845696,343.0,123.0
1754818095223512320,342.0,123.0
1754818095240179200,343.0,125.0
1754818095256845824,262.0,131.0
1754818095273512448,623.0,104.0
1754818095290179072,598.0,105.0
1754818095306845696,436.0,118.0
1754818095323512320,530.0,111.0
1754818095340178944,791.0,91.0
1754818095356845824,810.0,90.0
1754818095373512448,853.0,86.0
1754818095390179072,902.0,83.0
1754818095406845696,904.0,83.0
1754818095423512320,905.0,84.0
1754818095440179200,906.0,84.0
1754818095456845824,906.0,80.0
1754818095473512448,906.0,84.0
1754818095490179072,904.0,85.0
1754818095506845696,902.0,80.0
1754818095523512320,901.0,81.0
1754818095540178944,901.0,83.0
1754818095556845824,901.0,81.0
1754818095573512448,903.0,80.0
1754818095590179072,902.0,83.0
1754818095606845696,905.0,85.0
1754818095623512320,906.0,81.0
1754818095640179200,903.0,80.0
1754818095656845824,906.0,85.0
1754818095673512448,902.0,83.0
1754818095690179072,901.0,80.0
1754818095706845696,903.0,82.0
1754818095723512320,903.0,84.0
1754818095740178944,905.0,80.0
1754818095756845824,901.0,85.0
1754818095773512448,902.0,80.0
1754818095790179072,901.0,81.0
1754818095806845696,905.0,82.0
1754818095823512320,902.0,80.0
1754818095840179200,901.0,82.0
1754818095856845824,906.0,83.0
1754818095873512448,906.0,81.0
1754818095890179072,904.0,84.0
1754818095906845696,905.0,83.0
1754818095923512320,906.0,84.0
1754818095940178944,906.0,83.0
1754818095956845824,902.0,82.0
1754818095973512448,903.0,82.0
1754818095990179072,906.0,85.0
1754818096006845696,902.0,80.0
1754818096023512320,901.0,84.0
1754818096040179200,901.0,85.0
1754818096056845824,901.0,85.0
1754818096073512448,906.0,85.0
1754818096090179072,905.0,80.0
1754818096106845696,905.0,81.0
1754818096123512320,905.0,84.0
1754818096140178944,902.0,85.0
1754818096156845824,901.0,81.0
1754818096173512448,902.0,83.0
1754818096190179072,905.0,83.0
1754818096206845696,906.0,85.0
1754818096223512320,904.0,85.0
1754818096240179200,903.0,81.0
1754818096256845824,903.0,83.0
1754818096273512448,904.0,85.0
1754818096290179072,903.0,84.0
1754818096306845696,902.0,83.0
1754818096323512320,905.0,80.0
1754818096340178944,903.0,82.0
1754818096356845824,906.0,82.0
1754818096373512448,901.0,84.0
1754818096390179072,994.0,35.0
1754818096406845696,774.0,151.0
1754818096423512320,831.0,121.0
1754818096440179200,723.0,178.0
1754818096456845824,739.0,169.0
1754818096473512448,655.0,214.0
1754818096490179072,645.0,219.0
1754818096506845696,697.0,192.0
1754818096523512320,645.0,219.0
1754818096540178944,587.0,250.0
1754818096556845824,542.0,271.0
1754818096573512448,542.0,271.0
1754818096590179072,543.0,275.0
1754818096606845696,540.0,274.0
1754818096623512320,544.0,272.0
1754818096640179200,543.0,275.0
1754818096656845824,539.0,276.0
1754818096673512448,539.0,274.0
1754818096690179072,542.0,276.0
1754818096706845696,544.0,275.0
1754818096723512320,543.0,272.0
1754818096740178944,542.0,275.0
1754818096756845824,542.0,275.0
1754818096773512448,539.0,271.0
1754818096790179072,540.0,275.0
1754818096806845696,544.0,276.0
1754818096823512320,543.0,271.0
1754818096840179200,544.0,273.0
1754818096856845824,543.0,273.0
1754818096873512448,541.0,276.0
1754818096890179072,543.0,274.0
1754818096906845696,540.0,276.0
1754818096923512320,542.0,273.0
1754818096940178944,540.0,273.0
1754818096956845824,540.0,272.0
1754818096973512448,540.0,272.0
1754818096990179072,542.0,271.0
1754818097006845696,540.0,274.0
1754818097023512320,539.0,271.0
1754818097040179200,542.0,272.0
1754818097056845824,542.0,271.0
1754818097073512448,543.0,274.0
1754818097090179072,543.0,273.0
1754818097106845696,540.0,275.0
1754818097123512320,544.0,272.0
1754818097140178944,542.0,274.0
1754818097156845824,543.0,271.0
1754818097173512448,542.0,273.0
1754818097190179072,539.0,274.0
1754818097206845696,540.0,276.0
1754818097223512320,539.0,276.0
1754818097240179200,542.0,272.0
1754818097256845824,539.0,274.0
1754818097273512448,543.0,276.0
1754818097290179072,541.0,276.0
1754818097306845696,544.0,273.0
1754818097323512320,541.0,273.0
1754818097340178944,543.0,276.0
1754818097356845824,541.0,271.0
1754818097373512448,543.0,271.0
1754818097390179072,539.0,273.0
1754818097406845696,541.0,274.0
1754818097423512320,539.0,275.0
1754818097440179200,542.0,274.0
1754818097456845824,541.0,271.0
1754818097473512448,539.0,274.0
1754818097490179072,540.0,276.0
1754818097506845696,544.0,274.0
1754818097523512320,539.0,273.0
1754818097540178944,541.0,272.0
1754818097556845824,543.0,272.0
1754818097573512448,544.0,274.0
1754818097590179072,544.0,273.0
1754818097606845696,543.0,273.0
1754818097623512320,540.0,271.0
1754818097640179200,544.0,275.0
1754818097656845824,539.0,272.0
1754818097673512448,542.0,271.0
1754818097690179072,544.0,272.0
1754818097706845696,539.0,273.0
1754818097723512320,512.0,173.0
1754818097740178944,503.0,145.0
1754818097756845824,495.0,118.0
1754818097773512448,490.0,98.0
1754818097790179072,489.0,97.0
1754818097806845696,479.0,71.0
1754818097823512320,483.0,70.0
1754818097840179200,484.0,69.0
1754818097856845824,480.0,73.0
1754818097873512448,481.0,71.0
1754818097890179072,482.0,71.0
1754818097906845696,484.0,73.0
1754818097923512320,484.0,69.0
1754818097940178944,480.0,71.0
1754818097956845824,483.0,69.0
1754818097973512448,481.0,69.0
1754818097990179072,482.0,72.0
1754818098006845696,479.0,71.0
1754818098023512320,483.0,70.0
1754818098040179200,482.0,69.0
1754818098056845824,483.0,72.0
1754818098073512448,483.0,69.0
1754818098090179072,480.0,74.0
1754818098106845696,479.0,72.0
1754818098123512320,480.0,70.0
1754818098140178944,482.0,69.0
1754818098156845824,481.0,74.0
1754818098173512448,479.0,71.0
1754818098190179072,479.0,70.0
1754818098206845696,480.0,73.0
1754818098223512320,484.0,72.0
1754818098240179200,484.0,69.0
1754818098256845824,479.0,73.0
1754818098273512448,480.0,70.0
1754818098290179072,481.0,71.0
1754818098306845696,480.0,70.0
1754818098323512320,483.0,70.0
1754818098340178944,483.0,72.0
1754818098356845824,483.0,71.0
1754818098373512448,481.0,69.0
1754818098390179072,480.0,73.0
1754818098406845696,481.0,71.0
1754818098423512320,482.0,72.0
1754818098440179200,482.0,74.0
1754818098456845824,483.0,74.0
1754818098473512448,483.0,71.0
1754818098490179072,480.0,74.0
1754818098506845696,480.0,69.0
1754818098523512320,479.0,71.0
1754818098540178944,484.0,73.0
1754818098556845824,481.0,70.0
1754818098573512448,484.0,73.0
1754818098590179072,484.0,72.0
1754818098606845696,482.0,74.0
1754818098623512320,482.0,74.0
1754818098640179200,483.0,71.0
1754818098656845824,479.0,72.0
1754818098673512448,484.0,69.0
1754818098690179072,482.0,70.0
1754818098706845696,484.0,74.0
1754818098723512320,479.0,74.0
1754818098740178944,480.0,73.0
1754818098756845824,480.0,71.0
1754818098773512448,483.0,70.0
1754818098790179072,482.0,71.0
1754818098806845696,482.0,72.0
1754818098823512320,480.0,73.0
1754818098840179200,484.0,71.0
1754818098856845824,479.0,71.0
1754818098873512448,482.0,69.0
1754818098890179072,484.0,69.0
1754818098906845696,480.0,71.0
1754818098923512320,484.0,72.0
1754818098940178944,480.0,69.0
1754818098956845824,481.0,74.0
1754818098973512448,482.0,71.0
1754818098990179072,482.0,74.0
1754818099006845696,481.0,70.0
1754818099023512320,483.0,69.0
1754818099040179200,481.0,71.0
1754818099056845824,482.0,72.0
1754818099073512448,483.0,70.0
1754818099090179072,481.0,70.0
1754818099106845696,480.0,70.0
1754818099123512320,479.0,71.0
1754818099140178944,484.0,74.0
1754818099156845824,481.0,74.0
1754818099173512448,483.0,70.0
1754818099190179072,479.0,73.0
1754818099206845696,484.0,72.0
1754818099223512320,483.0,71.0
1754818099240179200,480.0,69.0
1754818099256845824,484.0,72.0
1754818099273512448,484.0,73.0
1754818099290179072,481.0,72.0
1754818099306845696,484.0,69.0
1754818099323512320,481.0,69.0
1754818099340178944,479.0,69.0
1754818099356845824,483.0,70.0
1754818099373512448,483.0,72.0
1754818099390179072,483.0,71.0
1754818099406845696,483.0,72.0
1754818099423512320,479.0,70.0
1754818099440179200,482.0,71.0
1754818099456845824,484.0,74.0
1754818099473512448,481.0,70.0
1754818099490179072,480.0,73.0
1754818099506845696,481.0,73.0
1754818099523512320,481.0,69.0
1754818099540178944,482.0,69.0
1754818099556845824,481.0,70.0
1754818099573512448,483.0,74.0
1754818099590179072,481.0,69.0
1754818099606845696,483.0,69.0
1754818099623512320,484.0,69.0
1754818099640179200,484.0,33.0
1754818099656845824,482.0,72.0
1754818099673512448,477.0,142.0
1754818099690179072,494.0,-113.0
1754818099706845696,478.0,117.0
1754818099723512320,467.0,288.0
1754818099740178944,472.0,207.0
1754818099756845824,462.0,350.0
1754818099773512448,463.0,338.0
1754818099790179072,462.0,360.0
1754818099806845696,470.0,237.0
1754818099823512320,455.0,460.0
1754818099840179200,454.0,468.0
1754818099856845824,450.0,531.0
1754818099873512448,450.0,564.0
1754818099890179072,445.0,564.0
1754818099906845696,445.0,567.0
1754818099923512320,446.0,566.0
1754818099940178944,449.0,564.0
1754818099956845824,445.0,569.0
1754818099973512448,445.0,568.0
1754818099990179072,446.0,566.0
1754818100006845696,447.0,566.0
1754818100023512320,449.0,564.0
1754818100040179200,449.0,568.0
1754818100056845824,447.0,568.0
1754818100073512448,449.0,569.0
1754818100090179072,446.0,566.0
1754818100106845696,446.0,569.0
1754818100123512320,450.0,565.0
1754818100140178944,449.0,566.0
1754818100156845824,448.0,568.0
1754818100173512448,445.0,568.0
1754818100190179072,449.0,565.0
1754818100206845696,448.0,565.0
1754818100223512320,446.0,564.0
1754818100240179200,447.0,566.0
1754818100256845824,448.0,569.0
1754818100273512448,450.0,569.0
1754818100290179072,447.0,569.0
1754818100306845696,449.0,564.0
1754818100323512320,448.0,568.0
1754818100340178944,447.0,565.0
1754818100356845824,449.0,568.0
1754818100373512448,447.0,567.0
1754818100390179072,448.0,569.0
1754818100406845696,448.0,569.0
1754818100423512320,449.0,566.0
1754818100440179200,448.0,564.0
1754818100456845824,445.0,565.0
1754818100473512448,450.0,566.0
1754818100490179072,450.0,565.0
1754818100506845696,450.0,565.0
1754818100523512320,447.0,564.0
1754818100540178944,445.0,566.0
1754818100556845824,446.0,567.0
1754818100573512448,447.0,569.0
1754818100590179072,448.0,567.0
1754818100606845696,448.0,566.0
1754818100623512320,446.0,566.0
1754818100640179200,450.0,564.0
1754818100656845824,447.0,568.0
1754818100673512448,450.0,564.0
1754818100690179072,447.0,564.0
1754818100706845696,447.0,564.0
1754818100723512320,446.0,566.0
1754818100740178944,445.0,569.0
1754818100756845824,450.0,567.0
1754818100773512448,449.0,568.0
1754818100790179072,446.0,566.0
1754818100806845696,450.0,566.0
1754818100823512320,446.0,565.0
1754818100840179200,448.0,564.0
1754818100856845824,449.0,564.0
1754818100873512448,449.0,564.0
1754818100890179072,448.0,564.0
1754818100906845696,448.0,566.0
1754818100923512320,445.0,567.0
1754818100940178944,445.0,567.0
1754818100956845824,449.0,567.0
1754818100973512448,446.0,564.0
1754818100990179072,448.0,569.0
1754818101006845696,447.0,565.0
1754818101023512320,448.0,566.0
1754818101040179200,448.0,569.0
1754818101056845824,445.0,567.0
1754818101073512448,446.0,567.0
1754818101090179072,449.0,568.0
1754818101106845696,450.0,565.0
1754818101123512320,450.0,565.0
1754818101140178944,445.0,566.0
1754818101156845824,450.0,569.0
1754818101173512448,450.0,564.0
1754818101190179072,448.0,564.0
1754818101206845696,448.0,567.0
1754818101223512320,448.0,565.0
1754818101240179200,448.0,564.0
1754818101256845824,450.0,566.0
1754818101273512448,449.0,564.0
1754818101290179072,450.0,566.0
1754818101306845696,448.0,565.0
1754818101323512320,448.0,565.0
1754818101340178944,445.0,568.0
1754818101356845824,450.0,567.0
1754818101373512448,445.0,565.0
1754818101390179072,445.0,569.0
1754818101406845696,445.0,568.0
1754818101423512320,446.0,565.0
1754818101440179200,449.0,565.0
1754818101456845824,447.0,569.0
1754818101473512448,450.0,569.0
1754818101490179072,445.0,567.0
1754818101506845696,448.0,564.0
1754818101523512320,449.0,564.0
1754818101540178944,449.0,566.0
1754818101556845824,448.0,566.0
1754818101573512448,446.0,569.0
1754818101590179072,448.0,564.0
1754818101606845696,450.0,568.0
1754818101623512320,450.0,566.0
1754818101640179200,450.0,564.0
1754818101656845824,450.0,569.0
1754818101673512448,446.0,567.0
1754818101690179072,407.0,630.0
1754818101706845696,465.0,540.0
1754818101723512320,509.0,472.0
1754818101740178944,307.0,783.0
1754818101756845824,342.0,729.0
1754818101773512448,448.0,567.0
1754818101790179072,542.0,421.0
1754818101806845696,537.0,429.0
1754818101823512320,559.0,395.0
1754818101840179200,518.0,459.0
1754818101856845824,604.0,326.0
1754818101873512448,601.0,330.0
1754818101890179072,663.0,236.0
1754818101906845696,671.0,223.0
1754818101923512320,695.0,187.0
1754818101940178944,693.0,191.0
1754818101956845824,692.0,186.0
1754818101973512448,696.0,191.0
1754818101990179072,695.0,187.0
1754818102006845696,692.0,186.0
1754818102023512320,693.0,189.0
1754818102040179200,696.0,189.0
1754818102056845824,696.0,187.0
1754818102073512448,692.0,191.0
1754818102090179072,694.0,186.0
1754818102106845696,693.0,189.0
1754818102123512320,694.0,187.0
1754818102140178944,693.0,187.0
1754818102156845824,691.0,188.0
1754818102173512448,694.0,190.0
1754818102190179072,691.0,189.0
1754818102206845696,691.0,189.0
1754818102223512320,696.0,190.0
1754818102240179200,692.0,188.0
1754818102256845824,694.0,190.0
1754818102273512448,693.0,186.0
1754818102290179072,696.0,189.0
1754818102306845696,693.0,187.0
1754818102323512320,691.0,186.0
1754818102340178944,695.0,186.0
1754818102356845824,692.0,190.0
1754818102373512448,695.0,188.0
1754818102390179072,695.0,187.0
1754818102406845696,692.0,191.0
1754818102423512320,693.0,188.0
1754818102440179200,693.0,190.0
1754818102456845824,693.0,187.0
1754818102473512448,691.0,188.0
1754818102490179072,691.0,191.0
1754818102506845696,694.0,188.0
1754818102523512320,695.0,186.0
1754818102540178944,696.0,188.0
1754818102556845824,695.0,188.0
1754818102573512448,692.0,188.0
1754818102590179072,691.0,189.0
1754818102606845696,692.0,191.0
1754818102623512320,696.0,191.0
1754818102640179200,691.0,187.0
1754818102656845824,691.0,186.0
1754818102673512448,696.0,187.0
1754818102690179072,696.0,186.0
1754818102706845696,693.0,186.0
1754818102723512320,692.0,186.0
1754818102740178944,694.0,189.0
1754818102756845824,692.0,189.0
1754818102773512448,691.0,188.0
1754818102790179072,691.0,190.0
1754818102806845696,696.0,189.0
1754818102823512320,692.0,188.0
1754818102840179200,696.0,187.0
1754818102856845824,694.0,186.0
1754818102873512448,692.0,189.0
1754818102890179072,693.0,187.0
1754818102906845696,695.0,188.0
1754818102923512320,695.0,189.0
1754818102940178944,594.0,363.0
1754818102956845824,597.0,358.0
1754818102973512448,565.0,415.0
1754818102990179072,559.0,424.0
1754818103006845696,559.0,424.0
1754818103023512320,530.0,472.0
1754818103040179200,530.0,469.0
1754818103056845824,532.0,471.0
1754818103073512448,531.0,469.0
1754818103090179072,535.0,469.0
1754818103106845696,534.0,469.0
1754818103123512320,532.0,473.0
1754818103140178944,530.0,474.0
1754818103156845824,530.0,472.0
1754818103173512448,533.0,471.0
1754818103190179072,531.0,469.0
1754818103206845696,531.0,469.0
1754818103223512320,534.0,469.0
1754818103240179200,530.0,473.0
1754818103256845824,530.0,472.0
1754818103273512448,533.0,474.0
1754818103290179072,535.0,472.0
1754818103306845696,530.0,472.0
1754818103323512320,534.0,473.0
1754818103340178944,535.0,469.0
1754818103356845824,534.0,469.0
1754818103373512448,534.0,470.0
1754818103390179072,535.0,474.0
1754818103406845696,532.0,471.0
1754818103423512320,533.0,474.0
1754818103440179200,530.0,472.0
1754818103456845824,534.0,470.0
1754818103473512448,530.0,473.0
1754818103490179072,535.0,470.0
1754818103506845696,534.0,473.0
1754818103523512320,532.0,472.0
1754818103540178944,534.0,471.0
1754818103556845824,531.0,472.0
1754818103573512448,531.0,469.0
1754818103590179072,534.0,474.0
1754818103606845696,531.0,471.0
1754818103623512320,532.0,469.0
1754818103640179200,532.0,470.0
1754818103656845824,532.0,474.0
1754818103673512448,534.0,473.0
1754818103690179072,534.0,471.0
1754818103706845696,530.0,471.0
1754818103723512320,518.0,590.0
1754818103740178944,536.0,441.0
1754818103756845824,543.0,387.0
1754818103773512448,549.0,340.0
1754818103790179072,533.0,472.0
1754818103806845696,557.0,274.0
1754818103823512320,555.0,289.0
1754818103840179200,545.0,373.0
1754818103856845824,563.0,228.0
1754818103873512448,564.0,220.0
1754818103890179072,563.0,224.0
1754818103906845696,568.0,189.0
1754818103923512320,578.0,102.0
1754818103940178944,582.0,77.0
1754818103956845824,580.0,77.0
1754818103973512448,581.0,76.0
1754818103990179072,582.0,76.0
1754818104006845696,582.0,78.0
1754818104023512320,584.0,76.0
1754818104040179200,584.0,76.0
1754818104056845824,581.0,73.0
1754818104073512448,582.0,74.0
1754818104090179072,584.0,73.0
1754818104106845696,584.0,77.0
1754818104123512320,583.0,77.0
1754818104140178944,581.0,74.0
1754818104156845824,582.0,75.0
1754818104173512448,579.0,73.0
1754818104190179072,580.0,76.0
1754818104206845696,581.0,77.0
1754818104223512320,583.0,78.0
1754818104240179200,579.0,73.0
1754818104256845824,583.0,77.0
1754818104273512448,580.0,73.0
1754818104290179072,582.0,76.0
1754818104306845696,580.0,77.0
1754818104323512320,582.0,78.0
1754818104340178944,584.0,78.0
1754818104356845824,580.0,77.0
1754818104373512448,580.0,78.0
1754818104390179072,584.0,75.0
1754818104406845696,580.0,74.0
1754818104423512320,584.0,75.0
1754818104440179200,580.0,77.0
1754818104456845824,580.0,74.0
1754818104473512448,583.0,78.0
1754818104490179072,580.0,76.0
1754818104506845696,583.0,75.0
1754818104523512320,582.0,78.0
1754818104540178944,581.0,77.0
1754818104556845824,583.0,77.0
1754818104573512448,584.0,75.0
1754818104590179072,579.0,78.0
1754818104606845696,580.0,78.0
1754818104623512320,584.0,74.0
1754818104640179200,579.0,78.0
1754818104656845824,581.0,74.0
1754818104673512448,580.0,75.0
1754818104690179072,583.0,76.0
1754818104706845696,584.0,75.0
1754818104723512320,583.0,78.0
1754818104740178944,583.0,76.0
1754818104756845824,581.0,76.0
1754818104773512448,582.0,77.0
1754818104790179072,581.0,77.0
1754818104806845696,581.0,76.0
1754818104823512320,581.0,76.0
1754818104840179200,584.0,75.0
1754818104856845824,579.0,75.0
1754818104873512448,582.0,74.0
1754818104890179072,580.0,75.0
1754818104906845696,582.0,77.0
1754818104923512320,580.0,77.0
1754818104940178944,581.0,73.0
1754818104956845824,582.0,78.0
1754818104973512448,581.0,78.0
1754818104990179072,579.0,78.0
1754818105006845696,583.0,73.0
1754818105023512320,581.0,75.0
1754818105040179200,583.0,76.0
1754818105056845824,584.0,75.0
1754818105073512448,581.0,74.0
1754818105090179072,581.0,74.0
1754818105106845696,111.0,-177.0
1754818105123512320,629.0,101.0
1754818105140178944,549.0,58.0
1754818105156845824,449.0,4.0
1754818105173512448,699.0,139.0
1754818105190179072,670.0,123.0
1754818105206845696,582.0,76.0
1754818105223512320,758.0,171.0
1754818105240179200,632.0,103.0
1754818105256845824,799.0,192.0
1754818105273512448,846.0,218.0
1754818105290179072,829.0,209.0
1754818105306845696,880.0,236.0
1754818105323512320,895.0,244.0
1754818105340178944,933.0,263.0
1754818105356845824,935.0,267.0
1754818105373512448,936.0,264.0
1754818105390179072,937.0,263.0
1754818105406845696,936.0,267.0
1754818105423512320,935.0,263.0
1754818105440179200,937.0,264.0
1754818105456845824,933.0,267.0
1754818105473512448,937.0,263.0
1754818105490179072,936.0,268.0
1754818105506845696,932.0,266.0
1754818105523512320,933.0,265.0
1754818105540178944,937.0,264.0
1754818105556845824,935.0,267.0
1754818105573512448,935.0,265.0
1754818105590179072,932.0,263.0
1754818105606845696,934.0,265.0
1754818105623512320,933.0,264.0
1754818105640179200,933.0,266.0
1754818105656845824,936.0,267.0
1754818105673512448,937.0,268.0
1754818105690179072,937.0,263.0
1754818105706845696,933.0,264.0
1754818105723512320,935.0,267.0
1754818105740178944,936.0,263.0
1754818105756845824,935.0,268.0
1754818105773512448,935.0,263.0
1754818105790179072,933.0,263.0
1754818105806845696,937.0,268.0
1754818105823512320,934.0,264.0
1754818105840179200,935.0,265.0
1754818105856845824,934.0,267.0
1754818105873512448,937.0,264.0
1754818105890179072,936.0,267.0
1754818105906845696,932.0,268.0
1754818105923512320,936.0,264.0
1754818105940178944,936.0,268.0
1754818105956845824,933.0,266.0
1754818105973512448,932.0,268.0
1754818105990179072,934.0,264.0
1754818106006845696,933.0,268.0
1754818106023512320,935.0,267.0
1754818106040179200,937.0,265.0
1754818106056845824,932.0,266.0
1754818106073512448,937.0,265.0
1754818106090179072,932.0,267.0
1754818106106845696,933.0,267.0
1754818106123512320,933.0,268.0
1754818106140178944,935.0,263.0
1754818106156845824,932.0,268.0
1754818106173512448,935.0,265.0
1754818106190179072,935.0,268.0
1754818106206845696,934.0,266.0
1754818106223512320,932.0,264.0
1754818106240179200,937.0,267.0
1754818106256845824,936.0,265.0
1754818106273512448,934.0,267.0
1754818106290179072,935.0,264.0
1754818106306845696,933.0,266.0
1754818106323512320,934.0,267.0
1754818106340178944,937.0,263.0
1754818106356845824,935.0,266.0
1754818106373512448,937.0,264.0
1754818106390179072,934.0,264.0
1754818106406845696,934.0,263.0
1754818106423512320,932.0,267.0
1754818106440179200,932.0,263.0
1754818106456845824,936.0,266.0
1754818106473512448,935.0,267.0
1754818106490179072,932.0,266.0
1754818106506845696,933.0,264.0
1754818106523512320,937.0,267.0
1754818106540178944,932.0,265.0
1754818106556845824,937.0,267.0
1754818106573512448,937.0,263.0
1754818106590179072,937.0,265.0
1754818106606845696,936.0,265.0
1754818106623512320,935.0,268.0
1754818106640179200,936.0,264.0
1754818106656845824,933.0,263.0
1754818106673512448,937.0,266.0
1754818106690179072,937.0,263.0
1754818106706845696,935.0,263.0
1754818106723512320,934.0,267.0
1754818106740178944,933.0,263.0
1754818106756845824,937.0,264.0
1754818106773512448,1000.0,189.0
1754818106790179072,1028.0,156.0
1754818106806845696,1022.0,163.0
1754818106823512320,1033.0,150.0
1754818106840179200,1044.0,137.0
1754818106856845824,,
1754818106873512448,,
1754818106890179072,,
1754818106906845696,,
1754818106923512320,,
1754818106940178944,,
1754818106956845824,,
1754818106973512448,,
1754818106990179072,,
1754818107006845696,,
1754818107023512320,,
1754818107040179200,,
1754818107056845824,1066.0,114.0
1754818107073512448,1066.0,113.0
1754818107090179072,1063.0,110.0
1754818107106845696,1064.0,114.0
1754818107123512320,1067.0,113.0
1754818107140178944,1064.0,113.0
1754818107156845824,1067.0,109.0
1754818107173512448,1067.0,113.0
1754818107190179072,1065.0,112.0
1754818107206845696,1065.0,109.0
1754818107223512320,1066.0,111.0
1754818107240179200,1067.0,110.0
1754818107256845824,1063.0,110.0
1754818107273512448,1064.0,109.0
1754818107290179072,1068.0,109.0
1754818107306845696,1066.0,112.0
1754818107323512320,1068.0,114.0
1754818107340178944,1067.0,113.0
1754818107356845824,1065.0,114.0
1754818107373512448,1067.0,112.0
1754818107390179072,1065.0,113.0
1754818107406845696,1065.0,112.0
1754818107423512320,1065.0,109.0
1754818107440179200,1068.0,114.0
1754818107456845824,1066.0,112.0
1754818107473512448,1064.0,113.0
1754818107490179072,1066.0,113.0
1754818107506845696,1068.0,112.0
1754818107523512320,1068.0,111.0
1754818107540178944,1067.0,114.0
1754818107556845824,1067.0,110.0
1754818107573512448,1065.0,110.0
1754818107590179072,1067.0,111.0
1754818107606845696,1063.0,114.0
1754818107623512320,1067.0,110.0
1754818107640179200,1065.0,114.0
1754818107656845824,1065.0,113.0
1754818107673512448,1065.0,114.0
1754818107690179072,1065.0,113.0
1754818107706845696,1063.0,109.0
1754818107723512320,1064.0,110.0
1754818107740178944,1064.0,112.0
1754818107756845824,1066.0,110.0
1754818107773512448,1064.0,112.0
1754818107790179072,1064.0,113.0
1754818107806845696,1066.0,112.0
1754818107823512320,1066.0,109.0
1754818107840179200,1066.0,114.0
1754818107856845824,1067.0,109.0
1754818107873512448,1068.0,109.0
1754818107890179072,1066.0,109.0
1754818107906845696,1068.0,109.0
1754818107923512320,1064.0,112.0
1754818107940178944,1068.0,112.0
1754818107956845824,1068.0,113.0
1754818107973512448,1066.0,110.0
1754818107990179072,1063.0,109.0
1754818108006845696,1066.0,110.0
1754818108023512320,1065.0,111.0
1754818108040179200,1066.0,112.0
1754818108056845824,1068.0,114.0
1754818108073512448,1066.0,112.0
1754818108090179072,1067.0,114.0
1754818108106845696,1068.0,110.0
1754818108123512320,1063.0,109.0
1754818108140178944,1066.0,109.0
1754818108156845824,1079.0,176.0
1754818108173512448,1032.0,-49.0
1754818108190179072,1008.0,-165.0
1754818108206845696,1022.0,-96.0
1754818108223512320,1037.0,-26.0
1754818108240179200,1113.0,338.0
1754818108256845824,1102.0,288.0
1754818108273512448,1106.0,306.0
1754818108290179072,1103.0,294.0
1754818108306845696,1099.0,274.0
1754818108323512320,1136.0,452.0
1754818108340178944,1150.0,517.0
1754818108356845824,1152.0,528.0
1754818108373512448,1167.0,597.0
1754818108390179072,1168.0,598.0
1754818108406845696,1166.0,595.0
1754818108423512320,1169.0,596.0
1754818108440179200,1167.0,596.0
1754818108456845824,1167.0,600.0
1754818108473512448,1167.0,599.0
1754818108490179072,1167.0,599.0
1754818108506845696,1168.0,596.0
1754818108523512320,1168.0,596.0
1754818108540178944,1166.0,598.0
1754818108556845824,1164.0,598.0
1754818108573512448,1168.0,600.0
1754818108590179072,1168.0,597.0
1754818108606845696,1165.0,595.0
1754818108623512320,1168.0,599.0
1754818108640179200,1168.0,598.0
1754818108656845824,1168.0,598.0
1754818108673512448,1166.0,596.0
1754818108690179072,1169.0,597.0
1754818108706845696,1164.0,600.0
1754818108723512320,1169.0,599.0
1754818108740178944,1164.0,597.0
1754818108756845824,1166.0,599.0
1754818108773512448,1167.0,598.0
1754818108790179072,1168.0,596.0
1754818108806845696,1167.0,598.0
1754818108823512320,1167.0,600.0
1754818108840179200,1167.0,600.0
1754818108856845824,1164.0,599.0
1754818108873512448,1169.0,595.0
1754818108890179072,1167.0,597.0
1754818108906845696,1166.0,595.0
1754818108923512320,1164.0,599.0
1754818108940178944,1169.0,599.0
1754818108956845824,1164.0,597.0
1754818108973512448,1164.0,597.0
1754818108990179072,1169.0,596.0
1754818109006845696,1168.0,595.0
1754818109023512320,1165.0,598.0
1754818109040179200,1166.0,599.0
1754818109056845824,1164.0,595.0
1754818109073512448,1167.0,597.0
1754818109090179072,1167.0,600.0
1754818109106845696,1164.0,599.0
1754818109123512320,1166.0,597.0
1754818109140178944,1164.0,600.0
1754818109156845824,1168.0,598.0
1754818109173512448,1169.0,596.0
1754818109190179072,1166.0,599.0
1754818109206845696,1166.0,596.0
1754818109223512320,1168.0,598.0
1754818109240179200,1164.0,596.0
1754818109256845824,1166.0,595.0
1754818109273512448,1168.0,599.0
1754818109290179072,1167.0,597.0
1754818109306845696,1167.0,598.0
1754818109323512320,1169.0,596.0
1754818109340178944,1169.0,596.0
1754818109356845824,1166.0,598.0
1754818109373512448,1168.0,598.0
1754818109390179072,1164.0,596.0
1754818109406845696,1168.0,600.0
1754818109423512320,1169.0,597.0
1754818109440179200,1021.0,443.0
1754818109456845824,963.0,381.0
1754818109473512448,929.0,345.0
1754818109490179072,1103.0,530.0
1754818109506845696,893.0,306.0
1754818109523512320,1021.0,443.0
1754818109540178944,862.0,273.0
1754818109556845824,913.0,327.0
1754818109573512448,804.0,211.0
1754818109590179072,695.0,95.0
1754818109606845696,,
1754818109623512320,,
1754818109640179200,,
1754818109656845824,,
1754818109673512448,,
1754818109690179072,,
1754818109706845696,,
1754818109723512320,,
1754818109740178944,,
1754818109756845824,,
1754818109773512448,,
1754818109790179072,,
1754818109806845696,,
1754818109823512320,,
1754818109840179200,,
1754818109856845824,,
1754818109873512448,,
1754818109890179072,,
1754818109906845696,,
1754818109923512320,,
1754818109940178944,,
1754818109956845824,656.0,58.0
1754818109973512448,656.0,59.0
1754818109990179072,659.0,57.0
1754818110006845696,659.0,59.0
1754818110023512320,661.0,55.0
1754818110040179200,661.0,55.0
1754818110056845824,657.0,54.0
1754818110073512448,661.0,57.0
1754818110090179072,658.0,59.0
1754818110106845696,657.0,54.0
1754818110123512320,657.0,58.0
1754818110140178944,658.0,57.0
1754818110156845824,661.0,56.0
1754818110173512448,656.0,56.0
1754818110190179072,659.0,58.0
1754818110206845696,660.0,56.0
1754818110223512320,657.0,57.0
1754818110240179200,657.0,56.0
1754818110256845824,657.0,57.0
1754818110273512448,659.0,58.0
1754818110290179072,658.0,55.0
1754818110306845696,659.0,55.0
1754818110323512320,660.0,57.0
1754818110340178944,660.0,57.0
1754818110356845824,661.0,58.0
1754818110373512448,657.0,58.0
1754818110390179072,657.0,54.0
1754818110406845696,660.0,58.0
1754818110423512320,658.0,55.0
1754818110440179200,658.0,58.0
1754818110456845824,656.0,58.0
1754818110473512448,661.0,56.0
1754818110490179072,657.0,59.0
1754818110506845696,659.0,55.0
1754818110523512320,657.0,54.0
1754818110540178944,658.0,55.0
1754818110556845824,658.0,57.0
1754818110573512448,657.0,57.0
1754818110590179072,659.0,56.0
1754818110606845696,660.0,58.0
1754818110623512320,658.0,57.0
1754818110640179200,661.0,58.0
1754818110656845824,659.0,55.0
1754818110673512448,589.0,307.0
1754818110690179072,591.0,302.0
1754818110706845696,593.0,293.0
1754818110723512320,542.0,481.0
1754818110740178944,534.0,508.0
1754818110756845824,518.0,566.0
1754818110773512448,,
1754818110790179072,,
1754818110806845696,,
1754818110823512320,,
1754818110840179200,,
1754818110856845824,,
1754818110873512448,,
1754818110890179072,,
1754818110906845696,,
1754818110923512320,,
1754818110940178944,509.0,610.0
1754818110956845824,507.0,608.0
1754818110973512448,509.0,606.0
1754818110990179072,507.0,608.0
1754818111006845696,505.0,609.0
1754818111023512320,506.0,610.0
1754818111040179200,507.0,610.0
1754818111056845824,505.0,608.0
1754818111073512448,505.0,606.0
1754818111090179072,507.0,607.0
1754818111106845696,504.0,608.0
1754818111123512320,509.0,608.0
1754818111140178944,509.0,606.0
1754818111156845824,509.0,611.0
1754818111173512448,506.0,608.0
1754818111190179072,508.0,610.0
1754818111206845696,506.0,610.0
1754818111223512320,506.0,610.0
1754818111240179200,508.0,609.0
1754818111256845824,507.0,611.0
1754818111273512448,504.0,611.0
1754818111290179072,509.0,607.0
1754818111306845696,509.0,607.0
1754818111323512320,506.0,611.0
1754818111340178944,507.0,607.0
1754818111356845824,509.0,611.0
1754818111373512448,504.0,607.0
1754818111390179072,506.0,609.0
1754818111406845696,505.0,608.0
1754818111423512320,507.0,611.0
1754818111440179200,508.0,610.0
1754818111456845824,509.0,611.0
1754818111473512448,508.0,606.0
1754818111490179072,504.0,606.0
1754818111506845696,508.0,607.0
1754818111523512320,504.0,607.0
1754818111540178944,506.0,607.0
1754818111556845824,504.0,610.0
1754818111573512448,506.0,609.0
1754818111590179072,507.0,610.0
1754818111606845696,506.0,607.0
1754818111623512320,505.0,607.0
1754818111640179200,507.0,611.0
1754818111656845824,506.0,606.0
1754818111673512448,508.0,610.0
1754818111690179072,507.0,610.0
1754818111706845696,509.0,608.0
1754818111723512320,506.0,609.0
1754818111740178944,504.0,606.0
1754818111756845824,505.0,609.0
1754818111773512448,504.0,607.0
1754818111790179072,505.0,607.0
1754818111806845696,509.0,607.0
1754818111823512320,507.0,610.0
1754818111840179200,505.0,606.0
1754818111856845824,508.0,607.0
1754818111873512448,508.0,610.0
1754818111890179072,509.0,606.0
1754818111906845696,504.0,610.0
1754818111923512320,507.0,611.0
1754818111940178944,505.0,607.0
1754818111956845824,506.0,611.0
1754818111973512448,507.0,606.0
1754818111990179072,504.0,610.0
1754818112006845696,504.0,611.0
1754818112023512320,509.0,611.0
1754818112040179200,506.0,609.0
1754818112056845824,506.0,611.0
1754818112073512448,504.0,608.0
1754818112090179072,506.0,610.0
1754818112106845696,507.0,608.0
1754818112123512320,504.0,607.0
1754818112140178944,504.0,608.0
1754818112156845824,747.0,529.0
1754818112173512448,771.0,521.0
1754818112190179072,799.0,511.0
1754818112206845696,819.0,505.0
1754818112223512320,843.0,497.0
1754818112240179200,867.0,489.0
1754818112256845824,865.0,490.0
1754818112273512448,868.0,490.0
1754818112290179072,869.0,491.0
1754818112306845696,866.0,487.0
1754818112323512320,865.0,487.0
1754818112340178944,867.0,487.0
1754818112356845824,868.0,489.0
1754818112373512448,868.0,491.0
1754818112390179072,867.0,489.0
1754818112406845696,865.0,487.0
1754818112423512320,864.0,486.0
1754818112440179200,866.0,488.0
1754818112456845824,865.0,486.0
1754818112473512448,868.0,490.0
1754818112490179072,866.0,490.0
1754818112506845696,866.0,487.0
1754818112523512320,867.0,487.0
1754818112540178944,865.0,489.0
1754818112556845824,867.0,490.0
1754818112573512448,866.0,488.0
1754818112590179072,865.0,489.0
1754818112606845696,865.0,488.0
1754818112623512320,868.0,490.0
1754818112640179200,864.0,488.0
1754818112656845824,866.0,491.0
1754818112673512448,868.0,491.0
1754818112690179072,868.0,486.0
1754818112706845696,867.0,487.0
1754818112723512320,867.0,486.0
1754818112740178944,865.0,490.0
1754818112756845824,865.0,490.0
1754818112773512448,866.0,487.0
1754818112790179072,865.0,489.0
1754818112806845696,866.0,491.0
1754818112823512320,864.0,487.0
1754818112840179200,865.0,490.0
1754818112856845824,869.0,491.0
1754818112873512448,864.0,486.0
1754818112890179072,865.0,487.0
1754818112906845696,867.0,489.0
1754818112923512320,869.0,491.0
1754818112940178944,865.0,489.0
1754818112956845824,865.0,486.0
1754818112973512448,869.0,486.0
1754818112990179072,864.0,486.0
1754818113006845696,865.0,491.0
1754818113023512320,867.0,491.0
1754818113040179200,868.0,486.0
1754818113056845824,868.0,491.0
1754818113073512448,866.0,487.0
1754818113090179072,868.0,487.0
1754818113106845696,865.0,490.0
1754818113123512320,865.0,486.0
1754818113140178944,869.0,487.0
1754818113156845824,867.0,486.0
1754818113173512448,866.0,490.0
1754818113190179072,865.0,491.0
1754818113206845696,866.0,491.0
1754818113223512320,866.0,487.0
1754818113240179200,867.0,488.0
1754818113256845824,864.0,489.0
1754818113273512448,883.0,437.0
1754818113290179072,910.0,352.0
1754818113306845696,936.0,270.0
1754818113323512320,957.0,203.0
1754818113340178944,949.0,229.0
1754818113356845824,974.0,149.0
1754818113373512448,979.0,126.0
1754818113390179072,979.0,122.0
1754818113406845696,983.0,125.0
1754818113423512320,981.0,126.0
1754818113440179200,979.0,122.0
1754818113456845824,983.0,123.0
1754818113473512448,982.0,123.0
1754818113490179072,984.0,124.0
1754818113506845696,980.0,122.0
1754818113523512320,980.0,122.0
1754818113540178944,980.0,124.0
1754818113556845824,980.0,127.0
1754818113573512448,980.0,122.0
1754818113590179072,981.0,123.0
1754818113606845696,979.0,124.0
1754818113623512320,984.0,127.0
1754818113640179200,984.0,125.0
1754818113656845824,980.0,125.0
1754818113673512448,979.0,122.0
1754818113690179072,979.0,126.0
1754818113706845696,982.0,125.0
1754818113723512320,980.0,123.0
1754818113740178944,983.0,124.0
1754818113756845824,979.0,127.0
1754818113773512448,984.0,124.0
1754818113790179072,983.0,123.0
1754818113806845696,982.0,124.0
1754818113823512320,979.0,122.0
1754818113840179200,981.0,126.0
1754818113856845824,983.0,123.0
1754818113873512448,980.0,123.0
1754818113890179072,982.0,126.0
1754818113906845696,979.0,127.0
1754818113923512320,980.0,127.0
1754818113940178944,980.0,123.0
1754818113956845824,982.0,126.0
1754818113973512448,981.0,124.0
1754818113990179072,979.0,123.0
1754818114006845696,983.0,125.0
1754818114023512320,980.0,122.0
1754818114040179200,982.0,127.0
1754818114056845824,983.0,126.0
1754818114073512448,983.0,125.0
1754818114090179072,982.0,127.0
1754818114106845696,984.0,126.0
1754818114123512320,983.0,124.0
1754818114140178944,982.0,123.0
1754818114156845824,983.0,123.0
1754818114173512448,982.0,124.0
1754818114190179072,980.0,126.0
1754818114206845696,981.0,122.0
1754818114223512320,979.0,125.0
1754818114240179200,982.0,123.0
1754818114256845824,980.0,125.0
1754818114273512448,983.0,125.0
1754818114290179072,981.0,124.0
1754818114306845696,984.0,122.0
1754818114323512320,981.0,122.0
1754818114340178944,980.0,127.0
1754818114356845824,979.0,127.0
1754818114373512448,982.0,122.0
1754818114390179072,980.0,123.0
1754818114406845696,980.0,126.0
1754818114423512320,982.0,124.0
1754818114440179200,982.0,124.0
1754818114456845824,983.0,125.0
1754818114473512448,979.0,123.0
1754818114490179072,984.0,126.0
1754818114506845696,979.0,122.0
1754818114523512320,980.0,124.0
1754818114540178944,984.0,125.0
1754818114556845824,982.0,126.0
1754818114573512448,981.0,122.0
1754818114590179072,981.0,126.0
1754818114606845696,984.0,123.0
1754818114623512320,981.0,123.0
1754818114640179200,980.0,124.0
1754818114656845824,982.0,125.0
1754818114673512448,982.0,122.0
1754818114690179072,981.0,122.0
1754818114706845696,982.0,123.0
1754818114723512320,979.0,125.0
1754818114740178944,960.0,182.0
1754818114756845824,989.0,104.0
1754818114773512448,975.0,143.0
1754818114790179072,1005.0,63.0
1754818114806845696,966.0,166.0
1754818114823512320,950.0,209.0
1754818114840179200,955.0,194.0
1754818114856845824,932.0,257.0
1754818114873512448,927.0,270.0
1754818114890179072,929.0,263.0
1754818114906845696,916.0,298.0
1754818114923512320,909.0,310.0
1754818114940178944,913.0,311.0
1754818114956845824,911.0,312.0
1754818114973512448,914.0,311.0
1754818114990179072,910.0,307.0
1754818115006845696,910.0,310.0
1754818115023512320,912.0,311.0
1754818115040179200,910.0,310.0
1754818115056845824,912.0,312.0
1754818115073512448,912.0,307.0
1754818115090179072,909.0,311.0
1754818115106845696,913.0,311.0
1754818115123512320,914.0,310.0
1754818115140178944,914.0,310.0
1754818115156845824,909.0,312.0
1754818115173512448,913.0,312.0
1754818115190179072,913.0,311.0
1754818115206845696,912.0,309.0
1754818115223512320,914.0,309.0
1754818115240179200,909.0,307.0
1754818115256845824,910.0,308.0
1754818115273512448,914.0,311.0
1754818115290179072,910.0,309.0
1754818115306845696,912.0,310.0
1754818115323512320,913.0,310.0
1754818115340178944,912.0,311.0
1754818115356845824,913.0,308.0
1754818115373512448,909.0,312.0
1754818115390179072,914.0,307.0
1754818115406845696,910.0,309.0
1754818115423512320,911.0,311.0
1754818115440179200,912.0,309.0
1754818115456845824,910.0,308.0
1754818115473512448,911.0,312.0
1754818115490179072,913.0,312.0
1754818115506845696,914.0,311.0
1754818115523512320,912.0,307.0
1754818115540178944,911.0,307.0
1754818115556845824,910.0,308.0
1754818115573512448,910.0,311.0
1754818115590179072,911.0,311.0
1754818115606845696,913.0,309.0
1754818115623512320,912.0,308.0
1754818115640179200,909.0,307.0
1754818115656845824,913.0,310.0
1754818115673512448,912.0,311.0
1754818115690179072,909.0,308.0
1754818115706845696,909.0,310.0
1754818115723512320,912.0,311.0
1754818115740178944,911.0,309.0
1754818115756845824,909.0,308.0
1754818115773512448,911.0,312.0
1754818115790179072,909.0,308.0
1754818115806845696,912.0,309.0
1754818115823512320,914.0,310.0
1754818115840179200,911.0,310.0
1754818115856845824,914.0,310.0
1754818115873512448,947.0,303.0
1754818115890179072,1066.0,280.0
1754818115906845696,1080.0,278.0
1754818115923512320,1069.0,280.0
1754818115940178944,1087.0,276.0
1754818115956845824,1122.0,269.0
1754818115973512448,1120.0,270.0
1754818115990179072,1120.0,269.0
1754818116006845696,1120.0,272.0
1754818116023512320,1123.0,271.0
1754818116040179200,1120.0,267.0
1754818116056845824,1121.0,267.0
1754818116073512448,1120.0,272.0
1754818116090179072,1120.0,268.0
1754818116106845696,1119.0,269.0
1754818116123512320,1121.0,267.0
1754818116140178944,1120.0,268.0
1754818116156845824,1124.0,272.0
1754818116173512448,1123.0,270.0
1754818116190179072,1120.0,271.0
1754818116206845696,1120.0,267.0
1754818116223512320,1122.0,269.0
1754818116240179200,1120.0,272.0
1754818116256845824,1121.0,270.0
1754818116273512448,1120.0,272.0
1754818116290179072,1121.0,271.0
1754818116306845696,1120.0,272.0
1754818116323512320,1124.0,268.0
1754818116340178944,1121.0,269.0
1754818116356845824,1119.0,270.0
1754818116373512448,1120.0,269.0
1754818116390179072,1120.0,270.0
1754818116406845696,1123.0,268.0
1754818116423512320,1121.0,272.0
1754818116440179200,1124.0,272.0
1754818116456845824,1124.0,270.0
1754818116473512448,1120.0,268.0
1754818116490179072,1122.0,267.0
1754818116506845696,1123.0,267.0
1754818116523512320,1124.0,269.0
1754818116540178944,1120.0,267.0
1754818116556845824,1123.0,269.0
1754818116573512448,1122.0,267.0
1754818116590179072,1119.0,271.0
1754818116606845696,1124.0,271.0
1754818116623512320,1123.0,270.0
1754818116640179200,1123.0,271.0
1754818116656845824,1121.0,272.0
1754818116673512448,1124.0,269.0
1754818116690179072,1120.0,269.0
1754818116706845696,1119.0,271.0
1754818116723512320,1123.0,271.0
1754818116740178944,1121.0,270.0
1754818116756845824,1119.0,269.0
1754818116773512448,1119.0,268.0
1754818116790179072,1120.0,269.0
1754818116806845696,1120.0,271.0
1754818116823512320,1123.0,272.0
1754818116840179200,1124.0,267.0
1754818116856845824,1120.0,269.0
1754818116873512448,1124.0,269.0
1754818116890179072,1122.0,268.0
1754818116906845696,1121.0,267.0
1754818116923512320,1119.0,271.0
1754818116940178944,1120.0,272.0
1754818116956845824,1124.0,268.0
1754818116973512448,1120.0,270.0
1754818116990179072,1122.0,270.0
1754818117006845696,1122.0,270.0
1754818117023512320,1541.0,405.0
1754818117040179200,1076.0,255.0
1754818117056845824,1184.0,290.0
1754818117073512448,954.0,215.0
1754818117090179072,1205.0,297.0
1754818117106845696,996.0,229.0
1754818117123512320,933.0,208.0
1754818117140178944,820.0,172.0
1754818117156845824,744.0,147.0
1754818117173512448,690.0,130.0
1754818117190179072,654.0,118.0
1754818117206845696,618.0,104.0
1754818117223512320,621.0,104.0
1754818117240179200,616.0,104.0
1754818117256845824,621.0,109.0
1754818117273512448,619.0,109.0
1754818117290179072,621.0,104.0
1754818117306845696,618.0,106.0
1754818117323512320,616.0,108.0
1754818117340178944,616.0,106.0
1754818117356845824,621.0,108.0
1754818117373512448,616.0,109.0
1754818117390179072,621.0,109.0
1754818117406845696,620.0,107.0
1754818117423512320,620.0,106.0
1754818117440179200,617.0,109.0
1754818117456845824,616.0,107.0
1754818117473512448,619.0,108.0
1754818117490179072,620.0,106.0
1754818117506845696,616.0,109.0
1754818117523512320,619.0,106.0
1754818117540178944,618.0,105.0
1754818117556845824,617.0,105.0
1754818117573512448,621.0,109.0
1754818117590179072,619.0,109.0
1754818117606845696,618.0,108.0
1754818117623512320,618.0,106.0
1754818117640179200,619.0,108.0
1754818117656845824,621.0,105.0
1754818117673512448,621.0,104.0
1754818117690179072,620.0,104.0
1754818117706845696,620.0,104.0
1754818117723512320,618.0,106.0
1754818117740178944,619.0,104.0
1754818117756845824,620.0,109.0
1754818117773512448,620.0,104.0
1754818117790179072,620.0,107.0
1754818117806845696,618.0,104.0
1754818117823512320,619.0,104.0
1754818117840179200,617.0,104.0
1754818117856845824,620.0,104.0
1754818117873512448,617.0,105.0
1754818117890179072,620.0,106.0
1754818117906845696,618.0,104.0
1754818117923512320,620.0,108.0
1754818117940178944,619.0,109.0
1754818117956845824,620.0,109.0
1754818117973512448,619.0,108.0
1754818117990179072,620.0,107.0
1754818118006845696,619.0,107.0
1754818118023512320,618.0,109.0
1754818118040179200,616.0,104.0
1754818118056845824,618.0,106.0
1754818118073512448,618.0,104.0
1754818118090179072,616.0,108.0
1754818118106845696,617.0,107.0
1754818118123512320,618.0,104.0
1754818118140178944,617.0,104.0
1754818118156845824,621.0,109.0
1754818118173512448,621.0,108.0
1754818118190179072,619.0,108.0
1754818118206845696,619.0,108.0
1754818118223512320,616.0,107.0
1754818118240179200,616.0,108.0
1754818118256845824,620.0,105.0
1754818118273512448,616.0,108.0
1754818118290179072,617.0,109.0
1754818118306845696,616.0,105.0
1754818118323512320,621.0,107.0
1754818118340178944,618.0,107.0
1754818118356845824,617.0,108.0
1754818118373512448,616.0,106.0
1754818118390179072,619.0,105.0
1754818118406845696,621.0,109.0
1754818118423512320,617.0,105.0
1754818118440179200,619.0,104.0
1754818118456845824,616.0,104.0
1754818118473512448,619.0,104.0
1754818118490179072,619.0,105.0
1754818118506845696,619.0,107.0
1754818118523512320,616.0,109.0
1754818118540178944,616.0,105.0
1754818118556845824,621.0,108.0
1754818118573512448,616.0,107.0
1754818118590179072,617.0,106.0
1754818118606845696,618.0,107.0
1754818118623512320,619.0,107.0
1754818118640179200,618.0,104.0
1754818118656845824,617.0,107.0
1754818118673512448,620.0,108.0
1754818118690179072,621.0,106.0
1754818118706845696,621.0,105.0
1754818118723512320,621.0,109.0
1754818118740178944,617.0,104.0
1754818118756845824,617.0,106.0
1754818118773512448,619.0,109.0
1754818118790179072,619.0,105.0
1754818118806845696,616.0,105.0
1754818118823512320,616.0,104.0
1754818118840179200,616.0,105.0
1754818118856845824,621.0,108.0
1754818118873512448,354.0,-86.0
1754818118890179072,795.0,235.0
1754818118906845696,863.0,285.0
1754818118923512320,883.0,300.0
1754818118940178944,944.0,344.0
1754818118956845824,971.0,364.0
1754818118973512448,921.0,327.0
1754818118990179072,1081.0,444.0
1754818119006845696,1089.0,450.0
1754818119023512320,1146.0,491.0
1754818119040179200,1149.0,493.0
1754818119056845824,1149.0,494.0
1754818119073512448,1145.0,490.0
1754818119090179072,1146.0,493.0
1754818119106845696,1148.0,493.0
1754818119123512320,1149.0,495.0
1754818119140178944,1150.0,490.0
1754818119156845824,1150.0,491.0
1754818119173512448,1145.0,492.0
1754818119190179072,1145.0,495.0
1754818119206845696,1150.0,494.0
1754818119223512320,1145.0,494.0
1754818119240179200,1150.0,491.0
1754818119256845824,1150.0,494.0
1754818119273512448,1150.0,491.0
1754818119290179072,1150.0,494.0
1754818119306845696,1145.0,494.0
1754818119323512320,1148.0,493.0
1754818119340178944,1149.0,493.0
1754818119356845824,1146.0,491.0
1754818119373512448,1146.0,494.0
1754818119390179072,1148.0,494.0
1754818119406845696,1150.0,491.0
1754818119423512320,1150.0,494.0
1754818119440179200,1146.0,495.0
1754818119456845824,1148.0,490.0
1754818119473512448,1149.0,495.0
1754818119490179072,1145.0,495.0
1754818119506845696,1145.0,491.0
1754818119523512320,1147.0,491.0
1754818119540178944,1149.0,493.0
1754818119556845824,1147.0,493.0
1754818119573512448,1148.0,491.0
1754818119590179072,1148.0,492.0
1754818119606845696,1146.0,490.0
1754818119623512320,1150.0,490.0
1754818119640179200,1140.0,477.0
1754818119656845824,1142.0,481.0
1754818119673512448,1139.0,474.0
1754818119690179072,1140.0,476.0
1754818119706845696,1137.0,471.0
1754818119723512320,1137.0,471.0
1754818119740178944,1134.0,465.0
1754818119756845824,1131.0,465.0
1754818119773512448,1136.0,462.0
1754818119790179072,1134.0,465.0
1754818119806845696,1135.0,465.0
1754818119823512320,1135.0,461.0
1754818119840179200,1133.0,464.0
1754818119856845824,1135.0,466.0
1754818119873512448,1136.0,466.0
1754818119890179072,1132.0,464.0
1754818119906845696,1132.0,464.0
1754818119923512320,1132.0,466.0
1754818119940178944,1131.0,461.0
1754818119956845824,1131.0,465.0
1754818119973512448,1134.0,464.0
1754818119990179072,1136.0,465.0
1754818120006845696,1136.0,465.0
1754818120023512320,1136.0,463.0
1754818120040179200,1135.0,464.0
1754818120056845824,1133.0,466.0
1754818120073512448,1136.0,463.0
1754818120090179072,1135.0,463.0
1754818120106845696,1134.0,466.0
1754818120123512320,1136.0,463.0
1754818120140178944,1131.0,461.0
1754818120156845824,1134.0,461.0
1754818120173512448,1135.0,463.0
1754818120190179072,1132.0,466.0
1754818120206845696,1135.0,466.0
1754818120223512320,1132.0,462.0
1754818120240179200,1131.0,461.0
1754818120256845824,1136.0,466.0
1754818120273512448,1131.0,465.0
1754818120290179072,1131.0,466.0
1754818120306845696,1136.0,466.0
1754818120323512320,1131.0,464.0
1754818120340178944,1135.0,461.0
1754818120356845824,1135.0,466.0
1754818120373512448,1131.0,464.0
1754818120390179072,1135.0,465.0
1754818120406845696,1134.0,463.0
1754818120423512320,1134.0,461.0
1754818120440179200,1134.0,463.0
1754818120456845824,1132.0,463.0
1754818120473512448,1135.0,461.0
1754818120490179072,1131.0,466.0
1754818120506845696,1136.0,462.0
1754818120523512320,1132.0,463.0
1754818120540178944,1136.0,461.0
1754818120556845824,1132.0,464.0
1754818120573512448,1134.0,463.0
1754818120590179072,1136.0,462.0
1754818120606845696,1132.0,461.0
1754818120623512320,1136.0,461.0
1754818120640179200,1132.0,464.0
1754818120656845824,1131.0,461.0
1754818120673512448,1135.0,464.0
1754818120690179072,1136.0,464.0
1754818120706845696,1135.0,461.0
1754818120723512320,1134.0,463.0
1754818120740178944,1132.0,461.0
1754818120756845824,1135.0,465.0
1754818120773512448,1132.0,465.0
1754818120790179072,1133.0,461.0
1754818120806845696,1133.0,464.0
1754818120823512320,1136.0,461.0
1754818120840179200,1133.0,461.0
1754818120856845824,1131.0,462.0
1754818120873512448,1133.0,461.0
1754818120890179072,1132.0,466.0
1754818120906845696,1134.0,466.0
1754818120923512320,1136.0,463.0
1754818120940178944,1132.0,464.0
1754818120956845824,1132.0,463.0
1754818120973512448,1132.0,464.0
1754818120990179072,1135.0,466.0
1754818121006845696,1136.0,461.0
1754818121023512320,1131.0,461.0
1754818121040179200,1134.0,462.0
1754818121056845824,1135.0,461.0
1754818121073512448,1131.0,462.0
1754818121090179072,1131.0,463.0
1754818121106845696,1135.0,462.0
1754818121123512320,1134.0,462.0
1754818121140178944,1131.0,465.0
1754818121156845824,1135.0,462.0
1754818121173512448,1131.0,463.0
1754818121190179072,1131.0,466.0
1754818121206845696,1132.0,465.0
1754818121223512320,1134.0,461.0
1754818121240179200,1135.0,463.0
1754818121256845824,1134.0,464.0
1754818121273512448,1133.0,466.0
1754818121290179072,1134.0,465.0
1754818121306845696,1132.0,463.0
1754818121323512320,1134.0,464.0
1754818121340178944,1131.0,466.0
1754818121356845824,1131.0,464.0
1754818121373512448,1136.0,466.0
1754818121390179072,1134.0,464.0
1754818121406845696,1133.0,466.0
1754818121423512320,1133.0,465.0
1754818121440179200,1136.0,465.0
1754818121456845824,1133.0,463.0
1754818121473512448,1133.0,461.0
1754818121490179072,1136.0,463.0
1754818121506845696,1131.0,466.0
1754818121523512320,1131.0,464.0
1754818121540178944,1132.0,464.0
1754818121556845824,1136.0,461.0
1754818121573512448,1132.0,462.0
1754818121590179072,1376.0,446.0
1754818121606845696,1619.0,429.0
1754818121623512320,810.0,487.0
1754818121640179200,649.0,498.0
1754818121656845824,527.0,507.0
1754818121673512448,510.0,508.0
1754818121690179072,406.0,515.0
1754818121706845696,527.0,507.0
1754818121723512320,313.0,522.0
1754818121740178944,233.0,528.0
1754818121756845824,162.0,530.0
1754818121773512448,161.0,533.0
1754818121790179072,162.0,535.0
1754818121806845696,164.0,533.0
1754818121823512320,163.0,531.0
1754818121840179200,162.0,532.0
1754818121856845824,165.0,533.0
1754818121873512448,161.0,531.0
1754818121890179072,162.0,532.0
1754818121906845696,163.0,534.0
1754818121923512320,164.0,532.0
1754818121940178944,166.0,531.0
1754818121956845824,165.0,530.0
1754818121973512448,161.0,532.0
1754818121990179072,163.0,531.0
1754818122006845696,164.0,533.0
1754818122023512320,162.0,534.0
1754818122040179200,161.0,535.0
1754818122056845824,162.0,531.0
1754818122073512448,161.0,530.0
1754818122090179072,165.0,535.0
1754818122106845696,162.0,534.0
1754818122123512320,161.0,533.0
1754818122140178944,166.0,530.0
1754818122156845824,164.0,533.0
1754818122173512448,161.0,530.0
1754818122190179072,165.0,534.0
1754818122206845696,164.0,530.0
1754818122223512320,165.0,530.0
1754818122240179200,164.0,530.0
1754818122256845824,166.0,533.0
1754818122273512448,161.0,533.0
1754818122290179072,161.0,532.0
1754818122306845696,166.0,530.0
1754818122323512320,164.0,535.0
1754818122340178944,163.0,530.0
1754818122356845824,161.0,535.0
1754818122373512448,164.0,534.0
1754818122390179072,161.0,534.0
1754818122406845696,162.0,531.0
1754818122423512320,163.0,531.0
1754818122440179200,161.0,535.0
1754818122456845824,161.0,530.0
1754818122473512448,165.0,534.0
1754818122490179072,163.0,534.0
1754818122506845696,163.0,533.0
1754818122523512320,165.0,533.0
1754818122540178944,166.0,534.0
1754818122556845824,166.0,535.0
1754818122573512448,161.0,534.0
1754818122590179072,165.0,534.0
1754818122606845696,165.0,534.0
1754818122623512320,161.0,530.0
1754818122640179200,272.0,463.0
1754818122656845824,-285.0,822.0
1754818122673512448,103.0,571.0
1754818122690179072,9.0,632.0
1754818122706845696,371.0,399.0
1754818122723512320,413.0,372.0
1754818122740178944,488.0,324.0
1754818122756845824,478.0,330.0
1754818122773512448,395.0,384.0
1754818122790179072,588.0,260.0
1754818122806845696,626.0,235.0
1754818122823512320,636.0,229.0
1754818122840179200,704.0,188.0
1754818122856845824,705.0,183.0
1754818122873512448,706.0,184.0
1754818122890179072,704.0,188.0
1754818122906845696,703.0,188.0
1754818122923512320,701.0,184.0
1754818122940178944,706.0,185.0
1754818122956845824,706.0,183.0
1754818122973512448,706.0,185.0
1754818122990179072,705.0,183.0
1754818123006845696,706.0,188.0
1754818123023512320,705.0,186.0
1754818123040179200,706.0,185.0
1754818123056845824,706.0,188.0
1754818123073512448,701.0,183.0
1754818123090179072,706.0,185.0
1754818123106845696,706.0,188.0
1754818123123512320,704.0,185.0
1754818123140178944,702.0,184.0
1754818123156845824,705.0,184.0
1754818123173512448,706.0,187.0
1754818123190179072,703.0,186.0
1754818123206845696,704.0,184.0
1754818123223512320,703.0,185.0
1754818123240179200,705.0,185.0
1754818123256845824,702.0,183.0
1754818123273512448,706.0,185.0
1754818123290179072,702.0,185.0
1754818123306845696,703.0,183.0
1754818123323512320,701.0,186.0
1754818123340178944,705.0,187.0
1754818123356845824,706.0,185.0
1754818123373512448,706.0,186.0
1754818123390179072,704.0,188.0
1754818123406845696,702.0,183.0
1754818123423512320,706.0,185.0
1754818123440179200,701.0,184.0
1754818123456845824,704.0,184.0
1754818123473512448,701.0,187.0
1754818123490179072,705.0,185.0
1754818123506845696,704.0,185.0
1754818123523512320,701.0,188.0
1754818123540178944,701.0,184.0
1754818123556845824,706.0,188.0
1754818123573512448,703.0,186.0
1754818123590179072,704.0,184.0
1754818123606845696,703.0,184.0
1754818123623512320,706.0,183.0
1754818123640179200,703.0,187.0
1754818123656845824,704.0,188.0
1754818123673512448,703.0,188.0
1754818123690179072,702.0,184.0
1754818123706845696,705.0,184.0
1754818123723512320,703.0,187.0
1754818123740178944,702.0,187.0
1754818123756845824,702.0,184.0
1754818123773512448,704.0,185.0
1754818123790179072,706.0,188.0
1754818123806845696,705.0,185.0
1754818123823512320,702.0,188.0
1754818123840179200,705.0,184.0
1754818123856845824,706.0,187.0
1754818123873512448,701.0,188.0
1754818123890179072,706.0,187.0
1754818123906845696,703.0,184.0
1754818123923512320,703.0,188.0
1754818123940178944,706.0,185.0
1754818123956845824,706.0,184.0
1754818123973512448,705.0,184.0
1754818123990179072,702.0,183.0
1754818124006845696,704.0,185.0
1754818124023512320,706.0,183.0
1754818124040179200,701.0,184.0
1754818124056845824,701.0,186.0
1754818124073512448,703.0,186.0
1754818124090179072,705.0,186.0
1754818124106845696,702.0,186.0
1754818124123512320,705.0,185.0
1754818124140178944,695.0,216.0
1754818124156845824,677.0,281.0
1754818124173512448,660.0,342.0
1754818124190179072,667.0,319.0
1754818124206845696,658.0,352.0
1754818124223512320,652.0,373.0
1754818124240179200,646.0,398.0
1754818124256845824,643.0,400.0
1754818124273512448,642.0,399.0
1754818124290179072,642.0,398.0
1754818124306845696,647.0,398.0
1754818124323512320,643.0,402.0
1754818124340178944,647.0,397.0
1754818124356845824,646.0,399.0
1754818124373512448,646.0,400.0
1754818124390179072,646.0,397.0
1754818124406845696,647.0,401.0
1754818124423512320,647.0,398.0
1754818124440179200,646.0,397.0
1754818124456845824,642.0,399.0
1754818124473512448,642.0,400.0
1754818124490179072,642.0,398.0
1754818124506845696,647.0,397.0
1754818124523512320,644.0,400.0
1754818124540178944,647.0,397.0
1754818124556845824,644.0,401.0
1754818124573512448,647.0,397.0
1754818124590179072,645.0,401.0
1754818124606845696,646.0,398.0
1754818124623512320,643.0,400.0
1754818124640179200,643.0,401.0
1754818124656845824,642.0,402.0
1754818124673512448,643.0,398.0
1754818124690179072,645.0,401.0
1754818124706845696,644.0,402.0
1754818124723512320,643.0,397.0
1754818124740178944,642.0,401.0
1754818124756845824,647.0,401.0
1754818124773512448,646.0,402.0
1754818124790179072,647.0,397.0
1754818124806845696,644.0,400.0
1754818124823512320,644.0,398.0
1754818124840179200,646.0,400.0
1754818124856845824,646.0,399.0
1754818124873512448,644.0,400.0
1754818124890179072,645.0,401.0
1754818124906845696,642.0,399.0
1754818124923512320,646.0,402.0
1754818124940178944,644.0,400.0
1754818124956845824,645.0,397.0
1754818124973512448,645.0,399.0
1754818124990179072,646.0,402.0
1754818125006845696,645.0,398.0
1754818125023512320,645.0,400.0
1754818125040179200,644.0,397.0
1754818125056845824,643.0,402.0
1754818125073512448,645.0,399.0
1754818125090179072,644.0,401.0
1754818125106845696,645.0,400.0
1754818125123512320,643.0,399.0
1754818125140178944,642.0,398.0
1754818125156845824,644.0,397.0
1754818125173512448,647.0,402.0
1754818125190179072,646.0,398.0
1754818125206845696,644.0,400.0
1754818125223512320,643.0,400.0
1754818125240179200,646.0,402.0
1754818125256845824,647.0,399.0
1754818125273512448,646.0,401.0
1754818125290179072,642.0,402.0
1754818125306845696,644.0,402.0
1754818125323512320,644.0,398.0
1754818125340178944,645.0,400.0
1754818125356845824,645.0,401.0
1754818125373512448,645.0,401.0
1754818125390179072,642.0,398.0
1754818125406845696,646.0,401.0
1754818125423512320,646.0,402.0
1754818125440179200,645.0,400.0
1754818125456845824,642.0,402.0
1754818125473512448,647.0,401.0
1754818125490179072,647.0,402.0
1754818125506845696,646.0,400.0
1754818125523512320,642.0,400.0
1754818125540178944,646.0,397.0
1754818125556845824,647.0,402.0
1754818125573512448,646.0,398.0
1754818125590179072,642.0,401.0
1754818125606845696,644.0,400.0
1754818125623512320,646.0,398.0
1754818125640179200,642.0,399.0
1754818125656845824,647.0,398.0
1754818125673512448,643.0,398.0
1754818125690179072,645.0,401.0
1754818125706845696,645.0,399.0
1754818125723512320,646.0,400.0
1754818125740178944,645.0,402.0
1754818125756845824,644.0,402.0
1754818125773512448,642.0,402.0
1754818125790179072,646.0,399.0
1754818125806845696,643.0,401.0
1754818125823512320,645.0,402.0
1754818125840179200,643.0,402.0
1754818125856845824,644.0,402.0
1754818125873512448,646.0,398.0
1754818125890179072,643.0,398.0
1754818125906845696,642.0,401.0
1754818125923512320,646.0,401.0
1754818125940178944,647.0,402.0
1754818125956845824,646.0,398.0
1754818125973512448,647.0,399.0
1754818125990179072,644.0,399.0
1754818126006845696,286.0,578.0
1754818126023512320,241.0,600.0
1754818126040179200,286.0,578.0
1754818126056845824,204.0,618.0
1754818126073512448,174.0,633.0
1754818126090179072,104.0,668.0
1754818126106845696,109.0,667.0
1754818126123512320,106.0,665.0
1754818126140178944,104.0,669.0
1754818126156845824,107.0,668.0
1754818126173512448,108.0,668.0
1754818126190179072,108.0,667.0
1754818126206845696,107.0,668.0
1754818126223512320,107.0,664.0
1754818126240179200,108.0,668.0
1754818126256845824,108.0,668.0
1754818126273512448,107.0,669.0
1754818126290179072,108.0,665.0
1754818126306845696,107.0,668.0
1754818126323512320,105.0,666.0
1754818126340178944,108.0,665.0
1754818126356845824,108.0,664.0
1754818126373512448,104.0,664.0
1754818126390179072,108.0,666.0
1754818126406845696,108.0,664.0
1754818126423512320,107.0,667.0
1754818126440179200,107.0,667.0
1754818126456845824,107.0,669.0
1754818126473512448,109.0,666.0
1754818126490179072,108.0,668.0
1754818126506845696,106.0,668.0
1754818126523512320,108.0,669.0
1754818126540178944,107.0,664.0
1754818126556845824,104.0,667.0
1754818126573512448,105.0,665.0
1754818126590179072,104.0,664.0
1754818126606845696,104.0,664.0
1754818126623512320,104.0,664.0
1754818126640179200,104.0,664.0
1754818126656845824,109.0,669.0
1754818126673512448,105.0,665.0
1754818126690179072,104.0,664.0
1754818126706845696,104.0,665.0
1754818126723512320,107.0,668.0
1754818126740178944,104.0,668.0
1754818126756845824,106.0,667.0
1754818126773512448,108.0,665.0
1754818126790179072,105.0,665.0
1754818126806845696,104.0,665.0
1754818126823512320,109.0,665.0
1754818126840179200,108.0,667.0
1754818126856845824,107.0,669.0
1754818126873512448,106.0,668.0
1754818126890179072,108.0,664.0
1754818126906845696,105.0,666.0
1754818126923512320,104.0,665.0
1754818126940178944,104.0,668.0
1754818126956845824,106.0,664.0
1754818126973512448,108.0,664.0
1754818126990179072,105.0,668.0
1754818127006845696,105.0,669.0
1754818127023512320,104.0,669.0
1754818127040179200,109.0,665.0
1754818127056845824,104.0,666.0
1754818127073512448,104.0,667.0
1754818127090179072,107.0,667.0
1754818127106845696,107.0,665.0
1754818127123512320,108.0,667.0
1754818127140178944,107.0,665.0
1754818127156845824,109.0,669.0
1754818127173512448,104.0,664.0
1754818127190179072,108.0,669.0
1754818127206845696,105.0,668.0
1754818127223512320,107.0,665.0
1754818127240179200,104.0,664.0
1754818127256845824,104.0,667.0
1754818127273512448,108.0,665.0
1754818127290179072,107.0,667.0
1754818127306845696,107.0,669.0
1754818127323512320,108.0,668.0
1754818127340178944,104.0,668.0
1754818127356845824,104.0,664.0
1754818127373512448,108.0,667.0
1754818127390179072,107.0,664.0
1754818127406845696,106.0,669.0
1754818127423512320,108.0,668.0
1754818127440179200,105.0,669.0
1754818127456845824,108.0,665.0
1754818127473512448,104.0,666.0
1754818127490179072,106.0,669.0
1754818127506845696,109.0,665.0
1754818127523512320,104.0,665.0
1754818127540178944,105.0,665.0
1754818127556845824,107.0,669.0
1754818127573512448,106.0,666.0
1754818127590179072,108.0,666.0
1754818127606845696,105.0,668.0
1754818127623512320,104.0,667.0
1754818127640179200,109.0,666.0
1754818127656845824,108.0,668.0
1754818127673512448,109.0,665.0
1754818127690179072,107.0,668.0
1754818127706845696,105.0,668.0
1754818127723512320,106.0,669.0
1754818127740178944,107.0,664.0
1754818127756845824,106.0,666.0
1754818127773512448,106.0,669.0
1754818127790179072,109.0,669.0
1754818127806845696,107.0,667.0
1754818127823512320,97.0,477.0
1754818127840179200,98.0,504.0
1754818127856845824,94.0,414.0
1754818127873512448,90.0,342.0
1754818127890179072,89.0,311.0
1754818127906845696,86.0,285.0
1754818127923512320,86.0,285.0
1754818127940178944,89.0,290.0
1754818127956845824,85.0,287.0
1754818127973512448,85.0,287.0
1754818127990179072,89.0,289.0
1754818128006845696,88.0,286.0
1754818128023512320,86.0,290.0
1754818128040179200,86.0,289.0
1754818128056845824,88.0,288.0
1754818128073512448,89.0,285.0
1754818128090179072,88.0,285.0
1754818128106845696,88.0,286.0
1754818128123512320,88.0,285.0
1754818128140178944,88.0,285.0
1754818128156845824,86.0,289.0
1754818128173512448,87.0,285.0
1754818128190179072,89.0,290.0
1754818128206845696,87.0,290.0
1754818128223512320,85.0,285.0
1754818128240179200,85.0,288.0
1754818128256845824,88.0,290.0
1754818128273512448,87.0,290.0
1754818128290179072,90.0,290.0
1754818128306845696,88.0,287.0
1754818128323512320,86.0,286.0
1754818128340178944,86.0,289.0
1754818128356845824,89.0,287.0
1754818128373512448,85.0,288.0
1754818128390179072,89.0,286.0
1754818128406845696,87.0,290.0
1754818128423512320,88.0,288.0
1754818128440179200,89.0,289.0
1754818128456845824,85.0,290.0
1754818128473512448,88.0,286.0
1754818128490179072,88.0,286.0
1754818128506845696,89.0,287.0
1754818128523512320,85.0,290.0
1754818128540178944,85.0,289.0
1754818128556845824,85.0,285.0
1754818128573512448,90.0,286.0
1754818128590179072,87.0,286.0
1754818128606845696,89.0,287.0
1754818128623512320,85.0,288.0
1754818128640179200,89.0,290.0
1754818128656845824,89.0,287.0
1754818128673512448,85.0,285.0
1754818128690179072,87.0,289.0
1754818128706845696,88.0,286.0
1754818128723512320,85.0,286.0
1754818128740178944,90.0,289.0
1754818128756845824,85.0,287.0
1754818128773512448,88.0,289.0
1754818128790179072,85.0,286.0
1754818128806845696,88.0,288.0
1754818128823512320,88.0,289.0
1754818128840179200,85.0,288.0
1754818128856845824,86.0,288.0
1754818128873512448,88.0,287.0
1754818128890179072,87.0,288.0
1754818128906845696,89.0,287.0
1754818128923512320,85.0,287.0
1754818128940178944,87.0,285.0
1754818128956845824,86.0,286.0
1754818128973512448,88.0,288.0
1754818128990179072,85.0,288.0
1754818129006845696,85.0,289.0
1754818129023512320,85.0,285.0
1754818129040179200,86.0,288.0
1754818129056845824,89.0,290.0
1754818129073512448,85.0,290.0
1754818129090179072,86.0,286.0
1754818129106845696,89.0,285.0
1754818129123512320,85.0,285.0
1754818129140178944,87.0,285.0
1754818129156845824,89.0,285.0
1754818129173512448,87.0,289.0
1754818129190179072,90.0,289.0
1754818129206845696,86.0,286.0
1754818129223512320,85.0,286.0
1754818129240179200,90.0,290.0
1754818129256845824,89.0,289.0
1754818129273512448,90.0,286.0
1754818129290179072,87.0,286.0
1754818129306845696,85.0,286.0
1754818129323512320,89.0,288.0
1754818129340178944,85.0,287.0
1754818129356845824,88.0,286.0
1754818129373512448,89.0,289.0
1754818129390179072,89.0,286.0
1754818129406845696,86.0,288.0
1754818129423512320,88.0,287.0
1754818129440179200,89.0,288.0
1754818129456845824,86.0,289.0
1754818129473512448,90.0,285.0
1754818129490179072,85.0,287.0
1754818129506845696,89.0,287.0
1754818129523512320,85.0,288.0
1754818129540178944,87.0,290.0
1754818129556845824,86.0,286.0
1754818129573512448,85.0,288.0
1754818129590179072,89.0,286.0
1754818129606845696,87.0,287.0
1754818129623512320,86.0,285.0
1754818129640179200,86.0,290.0
1754818129656845824,89.0,289.0
1754818129673512448,86.0,290.0
1754818129690179072,85.0,287.0
1754818129706845696,88.0,287.0
1754818129723512320,86.0,288.0
1754818129740178944,85.0,290.0
1754818129756845824,296.0,339.0
1754818129773512448,208.0,317.0
1754818129790179072,304.0,341.0
1754818129806845696,359.0,355.0
1754818129823512320,389.0,362.0
1754818129840179200,528.0,396.0
1754818129856845824,539.0,399.0
1754818129873512448,575.0,408.0
1754818129890179072,627.0,421.0
1754818129906845696,630.0,420.0
1754818129923512320,627.0,423.0
1754818129940178944,631.0,421.0
1754818129956845824,630.0,421.0
1754818129973512448,627.0,422.0
1754818129990179072,631.0,424.0
1754818130006845696,628.0,423.0
1754818130023512320,631.0,419.0
1754818130040179200,631.0,422.0
1754818130056845824,628.0,420.0
1754818130073512448,630.0,419.0
1754818130090179072,629.0,422.0
1754818130106845696,627.0,424.0
1754818130123512320,630.0,423.0
1754818130140178944,631.0,423.0
1754818130156845824,628.0,422.0
1754818130173512448,627.0,419.0
1754818130190179072,631.0,419.0
1754818130206845696,632.0,421.0
1754818130223512320,630.0,424.0
1754818130240179200,631.0,422.0
1754818130256845824,632.0,421.0
1754818130273512448,632.0,424.0
1754818130290179072,629.0,422.0
1754818130306845696,629.0,420.0
1754818130323512320,627.0,423.0
1754818130340178944,632.0,420.0
1754818130356845824,631.0,424.0
1754818130373512448,628.0,420.0
1754818130390179072,630.0,424.0
1754818130406845696,627.0,423.0
1754818130423512320,627.0,423.0
1754818130440179200,631.0,423.0
1754818130456845824,628.0,424.0
1754818130473512448,629.0,422.0
1754818130490179072,627.0,419.0
1754818130506845696,629.0,421.0
1754818130523512320,632.0,423.0
1754818130540178944,631.0,423.0
1754818130556845824,632.0,421.0
1754818130573512448,632.0,419.0
1754818130590179072,632.0,424.0
1754818130606845696,632.0,424.0
1754818130623512320,628.0,424.0
1754818130640179200,631.0,423.0
1754818130656845824,632.0,422.0
1754818130673512448,631.0,419.0
1754818130690179072,632.0,419.0
1754818130706845696,630.0,424.0
1754818130723512320,631.0,421.0
1754818130740178944,628.0,422.0
1754818130756845824,631.0,420.0
1754818130773512448,627.0,421.0
1754818130790179072,628.0,424.0
1754818130806845696,628.0,422.0
1754818130823512320,630.0,419.0
1754818130840179200,631.0,424.0
1754818130856845824,629.0,424.0
1754818130873512448,630.0,424.0
1754818130890179072,629.0,420.0
1754818130906845696,631.0,424.0
1754818130923512320,627.0,422.0
1754818130940178944,630.0,423.0
1754818130956845824,340.0,536.0
1754818130973512448,497.0,474.0
1754818130990179072,282.0,559.0
1754818131006845696,282.0,559.0
1754818131023512320,238.0,576.0
1754818131040179200,200.0,591.0
1754818131056845824,167.0,607.0
1754818131073512448,167.0,606.0
1754818131090179072,169.0,603.0
1754818131106845696,167.0,605.0
1754818131123512320,164.0,605.0
1754818131140178944,169.0,602.0
1754818131156845824,167.0,604.0
1754818131173512448,165.0,606.0
1754818131190179072,167.0,606.0
1754818131206845696,164.0,602.0
1754818131223512320,165.0,603.0
1754818131240179200,166.0,606.0
1754818131256845824,164.0,604.0
1754818131273512448,164.0,607.0
1754818131290179072,167.0,603.0
1754818131306845696,167.0,604.0
1754818131323512320,168.0,606.0
1754818131340178944,168.0,607.0
1754818131356845824,167.0,604.0
1754818131373512448,169.0,602.0
